form,lemma,pos,morph
Incipiunt,incipio,VER,Case=Nom|Numb=Plur|Voice=Act
nomina,nomen,NOM3,Case=Nom|Numb=Plur
episcoporum,episcopor,NOM3,Case=Gen|Numb=Plur
catholicorum,catholicvs,NOM2,Case=Gen|Numb=Plur
diuersarum,diversvs,ADJqua,Case=Gen|Numb=Plur|Deg=Pos
prouinciarum,provincia,NOM1,Case=Gen|Numb=Plur
qui,qvi,PROrel,Case=Nom|Numb=Plur
Carthagine,carthago,NOM3,Case=Abl|Numb=Sing
ex,ex,PRE,MORPH=empty
praecepto,praeceptvm,NOM2,Case=Abl|Numb=Sing
regali,regalis,ADJqua,Case=Abl|Numb=Sing|Deg=Pos
uenerunt,venio,VER,Numb=Plur|Mood=Ind|Tense=Perf|Voice=Act|Person=3
pro,pro,PRE,MORPH=empty
reddenda,reddo,VER,Case=Abl|Numb=Sing|Mood=Adj|Voice=Pass
ratione,ratio,NOM3,Case=Abl|Numb=Sing
fidei,fides,NOM5,Case=Gen|Numb=Sing
die,dies,NOM5,Case=Abl|Numb=Sing
KL,qvintvs,ADJcar,Case=Ind
Februarias,febrvarivs,ADJqua,Case=Acc|Numb=Plur|Deg=Pos
anno,annvs,NOM2,Case=Abl|Numb=Sing
sexto,sextvs,ADJord,Case=Abl|Numb=Sing
regis,rex,NOM3,Case=Gen|Numb=Sing
Hunerici,hvnericvs,NOM2,Case=Gen|Numb=Sing
.,qvinqvaginta,ADJcar,Case=Gen|Numb=Sing
Nomina,nomina,NOM1,Case=Nom|Numb=Sing
episcoporum,episcopor,NOM3,Case=Gen|Numb=Plur
prouinciae,provincia,NOM1,Case=Gen|Numb=Sing
proconsularis,proconsvlaris,ADJqua,Case=Nom|Numb=Plur|Deg=Pos
uel,vel,CONcoo,MORPH=empty
qui,qvi,PROrel,Case=Nom|Numb=Plur
in,in,PRE,MORPH=empty
exilium,exsilivm,NOM2,Case=Acc|Numb=Sing
missi,mitto,VER,Case=Nom|Numb=Plur|Mood=Par|Tense=Perf|Voice=Pass
sunt,svm,VER,Numb=Plur|Mood=Ind|Tense=Pres|Voice=Act|Person=3
.,qvintvs,ADJcar,Case=Nom|Numb=Plur
Eugenius,evgenivs,NOM2,Case=Nom|Numb=Sing
Carthaginiensis,carthaginienses,NOM3,Case=Gen|Numb=Sing|Deg=Pos
Tamalleni,tamalleni,NOM2,Case=Gen|Numb=Sing
.,qvintvs,ADJcar,Case=Acc|Numb=Plur
Felix,felix,NOM3,Case=Nom|Numb=Sing|Deg=Pos
Aboritanus,aboritanvs,NOM2,Case=Nom|Numb=Sing|Deg=Pos
.,qvadrantal,ADJcar,Case=Acc|Numb=Sing
exilium,exsilivm,NOM2,Case=Acc|Numb=Sing
.,vnvs,ADJcar,Case=Acc|Numb=Sing
Paulus,pavlvs,NOM2,Case=Nom|Numb=Sing
Sinnarensis,sinnarensis,ADJqua,Case=Gen|Numb=Sing|Deg=Pos
.,qvadranta,ADJcar,Case=Gen|Numb=Plur
exilium,exsilivm,NOM2,Case=Acc|Numb=Sing
.,vnvs,ADJcar,Case=Acc|Numb=Sing
Felix,felix,NOM3,Case=Nom|Numb=Sing|Deg=Pos
Piensis,piensis,NOM3,Case=Nom|Numb=Sing
Corsica,corsica,ADJqua,Case=Nom|Numb=Sing|Deg=Pos
.,qvadrantal,ADJcar,Case=Ind|Numb=Plur
exil,exsil,NOM3,Case=Nom|Numb=Sing|Deg=Pos
.,qvinqvaginta,ADJcar,Case=Gen|Numb=Plur
Marianus,marianvs,NOM2,Case=Nom|Numb=Sing
Hippzaritensis,hipparitenses,ADJqua,Case=Nom|Numb=Sing|Deg=Pos
ut,vt,ADVrel,MORPH=empty
sp.,spvrivs,NOM2,Case=Nom|Numb=Sing
Pascasius,pascasivs,NOM2,Case=Nom|Numb=Sing
Gunelensis,gvnelensis,ADJqua,Case=Nom|Numb=Sing|Deg=Pos
ut,vt,ADVrel,MORPH=empty
sp.,spvrivs,NOM2,Case=Nom|Numb=Sing
Sacconius,sacconivs,NOM2,Case=Nom|Numb=Sing
Vzalensis,vzalenses,NOM3,Case=Nom|Numb=Sing
ut,vt,CONsub,MORPH=empty
sup,svp,PRE,MORPH=empty
.,qvintvs,ADJcar,Case=Acc|Numb=Plur
Bonifatius,bonifativs,NOM2,Case=Nom|Numb=Sing
Membresitanus,membresitanvs,NOM2,Case=Nom|Numb=Sing
.,qvadrantal,ADJcar,Case=Acc|Numb=Sing
fug,fvgio,NOM3,Numb=Sing
.,vnvs,ADJcar,Case=Acc|Numb=Sing
Gulosus,gvlosvs,ADJqua,Case=Nom|Numb=Sing
Beneuentensis,beneventenses,NOM3,Case=Nom|Numb=Sing|Deg=Pos
Corsic,corsic,NOM2,Case=Nom|Numb=Sing
.,qvadrantae,ADJcar,Case=Acc|Numb=Plur
Reparatus,reparatvs,NOM2,Case=Nom|Numb=Sing
Vtimmirensis,vtimmirenses,ADJqua,Case=Nom|Numb=Sing|Deg=Pos
ut,vt,ADVrel,MORPH=empty
sp.,spvrivs,NOM2,Case=Nom|Numb=Sing
Pastinatus,pastinatvs,NOM2,Case=Nom|Numb=Sing
Puppitanus,pvppitanvs,NOM2,Case=Nom|Numb=Sing
ut,vt,ADVrel,MORPH=empty
sp.,spvrivs,NOM6,Case=Nom|Numb=Sing
Reparatus,reparatvs,NOM2,Case=Nom|Numb=Sing
Puppianensis,pvppianensis,ADJqua,Case=Nom|Numb=Plur|Deg=Pos
.,qvinqvaginta,ADJcar,Case=Gen|Numb=Plur
Fortunatianus,fortvnatianvs,NOM2,Case=Nom|Numb=Sing
Araditanus,araditanvs,ADJqua,Case=Nom|Numb=Sing|Deg=Pos
.,qvintvs,ADJcar,Case=Acc|Numb=Sing
Corsic,corsic,NOM2,Case=Nom|Numb=Sing
.,qvinqvaginta,ADJcar,Case=Acc|Numb=Plur
Deumhabet,devmhabo,VER,Numb=Sing|Mood=Ind|Tense=Pres|Voice=Act|Person=3
Thelensis,thelensis,NOM3,Case=Nom|Numb=Sing|Deg=Pos
.,qvintvs,ADJcar,Case=Acc|Numb=Plur
Corsica,corsica,ADJqua,Case=Nom|Numb=Sing|Deg=Pos
.,qvinqvaginta,ADJcar,Case=Ind|Numb=Plur
Liberatus,liberatvs,NOM2,Case=Nom|Numb=Sing
Mullitanus,mvllitanvs,NOM2,Case=Nom|Numb=Sing
ut,vt,ADVrel,MORPH=empty
sp.,spvrivs,NOM2,Case=Nom|Numb=Sing
Mannucius,mannvcivs,NOM2,Case=Nom|Numb=Sing
Duas,dvas,NOM7,Case=Acc|Numb=Plur
Senemsalensis,senemsalenses,NOM3,Case=Nom|Numb=Plur|Deg=Pos
.,qvinqvaginta,ADJcar,Case=Acc|Numb=Plur
Hirundinus,hirvndinvs,NOM2,Case=Nom|Numb=Sing
Missuensis,missvenses,NOM3,Case=Nom|Numb=Plur|Deg=Pos
.,qvintvs,ADJcar,Case=Acc|Numb=Plur
Corsic,corsic,NOM2,Case=Nom|Numb=Sing
.,qvinqvaginta,ADJcar,Case=Acc|Numb=Plur
Iona,iona,NOM1,Case=Nom|Numb=Sing
Lapdensis,lapdenses,NOM3,Case=Nom|Numb=Sing|Deg=Pos
.,qvinqvaginta,ADJcar,Case=Gen|Numb=Plur
ut,vt,ADVrel,MORPH=empty
sp.,spvrivs,NOM2,Case=Nom|Numb=Sing
Peregrinus,peregrinvs,ADJqua,Case=Nom|Numb=Sing|Deg=Pos
Assuritanus,assvritanvs,NOM2,Case=Nom|Numb=Sing
in,in,PRE,MORPH=empty
exil,exsil,NOM3,Case=Abl|Numb=Sing
.,qvintvs,ADJcar,Case=Acc|Numb=Sing
hic,hic,ADV,Deg=Pos
.,qvinqvaginta,ADJcar,Case=Nom|Numb=Sing
Quintianus,qvintianvs,NOM2,Case=Nom|Numb=Sing
Vricitanus,vricitanvs,NOM2,Case=Nom|Numb=Sing
.,qvintvs,ADJcar,Case=Acc|Numb=Sing
Cresconius,cresconivs,NOM2,Case=Nom|Numb=Sing
Tonnonensis,tonnonensis,NOM3,Case=Nom|Numb=Sing|Deg=Pos
.,qvintvs,ADJcar,Case=Acc|Numb=Plur
prbt,pro,PRE,MORPH=empty
.,qvintvs,ADJcar,Case=Acc|Numb=Plur
Florentinus,florentinvs,NOM2,Case=Nom|Numb=Sing
Vticensis,vticensis,ADJqua,Case=Acc|Numb=Plur|Deg=Pos
.,qvinqvaginta,ADJcar,Case=Acc|Numb=Plur
Corsie,corsivs,NOM2,Case=Voc|Numb=Sing
.,qvinqvaginta,ADJcar,Case=Acc|Numb=Sing
Pascasius,pascasivs,NOM2,Case=Nom|Numb=Sing
Migirpensis,migirpensis,ADJqua,Case=Nom|Numb=Plur|Deg=Pos
ut,vt,ADVrel,MORPH=empty
sp.,spvrivs,NOM2,Case=Nom|Numb=Sing
Carissimus,carissimvs,NOM2,Case=Nom|Numb=Sing
Gisipensis,gisipensis,NOM3,Case=Nom|Numb=Plur
.,qvadranta,ADJcar,Case=Gen|Numb=Plur
in,in,PRE,MORPH=empty
exil,exsil,NOM3,Numb=Sing
.,qvinqvaginta,ADJcar,Case=Acc|Numb=Plur
Gaius,gaivs,NOM2,Case=Nom|Numb=Sing
Vzitensis,vzitensis,NOM3,Case=Nom|Numb=Sing
prbt,pro,PRE,MORPH=empty
.,qvintvs,ADJcar,Case=Acc|Numb=Plur
Exitiosus,exitiosvs,NOM2,Case=Nom|Numb=Sing
Verensis,verensis,NOM3,Case=Nom|Numb=Sing
.,qvadrantal,ADJcar,Case=Acc|Numb=Plur
Corsic,corsic,NOM2,Case=Nom|Numb=Sing
.,qvinqvaginta,ADJcar,Case=Acc|Numb=Plur
Crescens,crescens,NOM3,Case=Nom|Numb=Sing
Cicisitanus,cicisitanvs,NOM2,Case=Nom|Numb=Sing
.,qvadrantal,ADJcar,Case=Acc|Numb=Plur
in,in,PRE,MORPH=empty
exil,exsil,NOM3,Numb=Sing
.,qvinqvaginta,ADJcar,Case=Acc|Numb=Plur
Bonifatius,bonifativs,NOM2,Case=Nom|Numb=Sing
Volitanus,volitanvs,NOM2,Case=Nom|Numb=Sing
.,qvadrantal,ADJcar,Case=Acc|Numb=Plur
Corsica,corsica,ADJqua,Case=Nom|Numb=Sing|Deg=Pos
.,qvinqvaginta,ADJcar,Case=Ind|Numb=Plur
Felix,felix,NOM3,Case=Nom|Numb=Sing
Carpitanus,carpitanvs,NOM2,Case=Nom|Numb=Sing
ut,vt,CONsub,MORPH=empty
sup,svp,PRE,MORPH=empty
.,qvintvs,ADJcar,Case=Acc|Numb=Plur
Carcadius,carcadivs,NOM2,Case=Nom|Numb=Sing
Maxulitanus,maxvlitanvs,NOM2,Case=Nom|Numb=Sing
ut,vt,ADVrel,MORPH=empty
sp.,spvrivs,NOM2,Case=Nom|Numb=Sing
Cyprianus,cyprianvs,NOM2,Case=Nom|Numb=Sing
Bonustensis,bonvstenses,NOM3,Case=Nom|Numb=Plur
.,qvadranta,ADJcar,Case=Acc|Numb=Plur
Dalmatius,dalmativs,NOM2,Case=Nom|Numb=Sing
Tinisensis,tinisenses,NOM3,Case=Gen|Numb=Sing
.,qvadrantae,ADJcar,Case=Acc|Numb=Plur
Corsic,corsic,NOM2,Case=Nom|Numb=Sing
.,qvinqvaginta,ADJcar,Case=Acc|Numb=Plur
Aemilianus,aemilianvs,NOM2,Case=Nom|Numb=Sing
Culusitanus,cvlvsitanvs,NOM2,Case=Nom|Numb=Sing
.,qvintvs,ADJcar,Case=Acc|Numb=Sing
Corsic,corsic,NOM2,Case=Nom|Numb=Sing
.,qvinqvaginta,ADJcar,Case=Acc|Numb=Plur
Felix,felix,NOM3,Case=Nom|Numb=Sing|Deg=Pos
Bullensis,bvllenses,ADJqua,Case=Nom|Numb=Sing|Deg=Pos
.,qvadrantal,ADJcar,Case=Gen|Numb=Plur
prbt,pro,PRE,MORPH=empty
.,qvintvs,ADJcar,Case=Acc|Numb=Plur
Clementinus,clementinvs,NOM2,Case=Nom|Numb=Sing
Neapolitanus,neapolitanvs,NOM2,Case=Nom|Numb=Sing
.,qvintvs,ADJcar,Case=Acc|Numb=Sing
Corsic,corsic,NOM2,Case=Nom|Numb=Sing
.,qvinqvaginta,ADJcar,Case=Acc|Numb=Plur
Felix,felix,NOM3,Case=Nom|Numb=Sing
Curubitanus,cvrvbitanvs,ADJqua,Case=Nom|Numb=Sing|Deg=Pos
ut,vt,ADVrel,MORPH=empty
sp.,spvrivs,NOM3,Case=Nom|Numb=Sing
Deuterius,devterivs,NOM2,Case=Nom|Numb=Sing
Simminensis,simminensis,ADJqua,Case=Nom|Numb=Sing|Deg=Pos
ut,vt,ADVrel,MORPH=empty
sp.,spvrivs,NOM2,Case=Nom|Numb=Sing
Aurelius,avrelivs,NOM2,Case=Nom|Numb=Sing
Clipiensis,clipienses,ADJqua,Case=Nom|Numb=Sing|Deg=Pos
ut,vt,ADVrel,MORPH=empty
sp.,spvrivs,NOM2,Case=Nom|Numb=Sing
Coronius,coronivs,NOM2,Case=Nom|Numb=Sing
Meglapolitanus,meglapolitanvs,NOM2,Case=Nom|Numb=Sing
ut,vt,ADVrel,MORPH=empty
sp.,spvrio,NOM2,Case=Nom|Numb=Sing
Benenatus,benenatvs,NOM2,Case=Nom|Numb=Sing
Timidensis,timidensis,ADJqua,Case=Nom|Numb=Sing|Deg=Pos
ut,vt,ADVrel,MORPH=empty
sp.,spvrivs,NOM2,Case=Nom|Numb=Sing
Vincentius,vincentivs,NOM2,Case=Nom|Numb=Sing
Ziggensis,ziggensis,NOM3,Case=Nom|Numb=Sing
.,qvadranta,ADJcar,Case=Gen|Numb=Plur
in,in,PRE,MORPH=empty
exil,exsil,NOM3,Numb=Sing
.,qvinqvaginta,ADJcar,Case=Acc|Numb=Plur
Florentius,florentivs,NOM2,Case=Nom|Numb=Sing
Seminensis,seminenses,NOM3,Case=Nom|Numb=Sing|Deg=Pos
.,qvadrantal,ADJcar,Case=Acc|Numb=Plur
Corsica,corsica,ADJqua,Case=Nom|Numb=Sing|Deg=Pos
.,qvinqvaginta,ADJcar,Case=Ind|Numb=Plur
Honoratus,honoratvs,NOM2,Case=Nom|Numb=Sing
Tagaratensis,tagaratenses,ADJqua,Case=Nom|Numb=Plur|Deg=Pos
prbt,pro,PRE,MORPH=empty
.,qvintvs,ADJcar,Case=Acc|Numb=Plur
Vindemius,vindemivs,NOM2,Case=Nom|Numb=Sing
Altuburitnus,altvbvritnvs,NOM2,Case=Nom|Numb=Sing
.,qvintvs,ADJcar,Case=Acc|Numb=Plur
exil,exsil,NOM3,Case=Nom|Numb=Sing|Deg=Pos
.,qvinqvaginta,ADJcar,Case=Gen|Numb=Plur
Cyprianus,cyprianvs,NOM2,Case=Nom|Numb=Sing
Cellensis,cellensis,ADJqua,Case=Nom|Numb=Sing|Deg=Pos
in,in,PRE,MORPH=empty
exit,exeo,VER,Numb=Sing|Mood=Ind|Tense=Pres|Voice=Act|Person=3
Augentius,avgentivs,NOM2,Case=Nom|Numb=Sing
Vzipparitznus,vzipparitanvs,NOM2,Case=Nom|Numb=Sing
.,qvadrantal,ADJcar,Case=Acc|Numb=Plur
in,in,PRE,MORPH=empty
exil,exsil,NOM3,Numb=Sing
.,qvinqvaginta,ADJcar,Case=Acc|Numb=Plur
Cassosus,cassosvs,NOM2,Case=Nom|Numb=Sing
Ausanensis,avsanensis,NOM3,Case=Nom|Numb=Sing|Deg=Pos
.,qvadrantal,ADJcar,Case=Acc|Numb=Plur
hic,hic,ADV,Deg=Pos
.,qvinqvaginta,ADJcar,Case=Nom|Numb=Sing
Maximinus,maximinvs,NOM2,Case=Nom|Numb=Sing
Naraggaritanus,naragnaritanvs,NOM2,Case=Nom|Numb=Sing
.,qvadrantal,ADJcar,Case=Acc|Numb=Sing
hic,hic,ADV,Deg=Pos
.,qvinqvaginta,ADJcar,Case=Nom|Numb=Sing
Felix,felix,NOM3,Case=Nom|Numb=Sing|Deg=Pos
Muzuensis,mvzvensis,NOM3,Case=Gen|Numb=Sing
.,qvadrantal,ADJcar,Case=Acc|Numb=Plur
Iohannes,iohannes,NOM7,Case=Nom|Numb=Plur
Bullensium,bvllenses,NOM3,Case=Gen|Numb=Plur
Regiorum,regii,NOM2,Case=Gen|Numb=Plur
.,qvinqvaginta,ADJcar,Case=Acc|Numb=Plur
Cresciturus,crescitvrvs,NOM2,Case=Nom|Numb=Sing
Titulitanus,titvlitanvs,NOM2,Case=Nom|Numb=Sing
.,qvadrantal,ADJcar,Case=Acc|Numb=Sing
Benenatus,benenatvs,NOM2,Case=Nom|Numb=Sing
Tuburbitensis,tvbvrbitenses,ADJqua,Case=Nom|Numb=Plur|Deg=Pos
.,qvinqvaginta,ADJcar,Case=Acc|Numb=Plur
Victor,victor,NOM3,Case=Nom|Numb=Sing
Teudalensis,tevdalensis,ADJqua,Case=Nom|Numb=Plur|Deg=Pos
.,qvadrantal,ADJcar,Case=Acc|Numb=Plur
Pascasius,pascasivs,NOM2,Case=Nom|Numb=Sing
Tulanensis,tvlanensis,ADJqua,Case=Nom|Numb=Plur|Deg=Pos
.,qvadrantal,ADJcar,Case=Acc|Numb=Plur
Sunt,svm,VER,Numb=Plur|Tense=Pres|Voice=Act|Person=3
numero,nvmervs,NOM2,Case=Abl|Numb=Sing
Lim,lis,NOM2,Case=Acc|Numb=Sing
.,qvinqvaginta,ADJcar,Case=Acc|Numb=Plur
Felix,felix,NOM3,Case=Nom|Numb=Sing|Deg=Pos
Berceritanus,berceritanvs,NOM2,Case=Nom|Numb=Sing|Deg=Pos
.,qvadrantal,ADJcar,Case=Acc|Numb=Sing
Augentius,avgentivs,NOM2,Case=Nom|Numb=Sing
Gazaufalensis,gazavfalensis,ADJqua,Case=Nom|Numb=Plur|Deg=Pos
.,qvinqvaginta,ADJcar,Case=Acc|Numb=Plur
prbt,pro,PRE,MORPH=empty
.,qvintvs,ADJcar,Case=Acc|Numb=Plur
Quoduultdeus,qvodvoltevs,NOM2,Case=Nom|Numb=Sing
Calamensis,calamensis,ADJqua,Case=Nom|Numb=Sing|Deg=Pos
.,qvadrantal,ADJcar,Case=Acc|Numb=Plur
Honoratus,honoratvs,NOM2,Case=Nom|Numb=Sing
Castellanus,castellanvs,NOM2,Case=Nom|Numb=Sing
.,qvadrantal,ADJcar,Case=Acc|Numb=Sing
Leontius,leontivs,NOM2,Case=Nom|Numb=Sing
Burcensis,bvrcenses,NOM3,Case=Nom|Numb=Sing
.,qvintvs,ADJcar,Case=Acc|Numb=Plur
Firmianus,firmianvs,NOM2,Case=Nom|Numb=Sing
Centurionensis,centvriones,ADJqua,Case=Nom|Numb=Plur|Deg=Pos
.,qvadrantal,ADJcar,Case=Acc|Numb=Plur
prbt,pro,PRE,MORPH=empty
.,qvintvs,ADJcar,Case=Acc|Numb=Plur
Rufinianus,rvfinianvs,NOM2,Case=Nom|Numb=Sing
Vadensis,vadenses,NOM3,Case=Nom|Numb=Sing
.,qvinqvaginta,ADJcar,Case=Acc|Numb=Plur
Paulus,pavlvs,NOM2,Case=Nom|Numb=Sing
Nibensis,nibenses,NOM3,Case=Nom|Numb=Sing
.,qvadrantal,ADJcar,Case=Gen|Numb=Plur
prbt,pro,PRE,MORPH=empty
.,qvintvs,ADJcar,Case=Acc|Numb=Plur
Martialis,martialis,NOM3,Case=Gen|Numb=Sing
Girensis,girensis,ADJqua,Case=Nom|Numb=Plur|Deg=Pos
.,qvadrantal,ADJcar,Case=Acc|Numb=Plur
Victor,victor,NOM3,Case=Nom|Numb=Sing
Cuiculitanus,cvicvlitanvs,NOM2,Case=Nom|Numb=Sing
.,qvadrantal,ADJcar,Case=Acc|Numb=Sing
Cresconius,cresconivs,NOM2,Case=Nom|Numb=Sing
Amporensis,amporensis,ADJqua,Case=Nom|Numb=Plur|Deg=Pos
.,qvadrantal,ADJcar,Case=Acc|Numb=Plur
Adeodatus,adeodatvs,NOM2,Case=Nom|Numb=Sing
Fesseitanus,fesseitanvs,NOM2,Case=Nom|Numb=Sing
.,qvintvs,ADJcar,Case=Acc|Numb=Sing
prbt,pro,PRE,MORPH=empty
.,qvintvs,ADJcar,Case=Acc|Numb=Plur
Vitalianus,vitalianvs,NOM2,Case=Nom|Numb=Sing|Deg=Pos
Bocconiensis,bocconiensis,ADJqua,Case=Nom|Numb=Plur|Deg=Pos
.,qvintvs,ADJcar,Case=Acc|Numb=Plur
Duumuirialis,dvvmvirialis,NOM3,Case=Nom|Numb=Sing|Deg=Pos
Bamaccorensis,bamaccorenses,NOM3,Case=Nom|Numb=Sing|Deg=Pos
.,qvadrantal,ADJcar,Case=Gen|Numb=Plur
prbt,pro,PRE,MORPH=empty
.,qvintvs,ADJcar,Case=Acc|Numb=Plur
Donatus,donatvs,NOM2,Case=Nom|Numb=Sing
Ausuccurensis,avsvccvrensis,ADJqua,Case=Nom|Numb=Plur|Deg=Pos
.,qvadrantal,ADJcar,Case=Acc|Numb=Plur
Palladius,palladivs,NOM2,Case=Nom|Numb=Sing
Idicrensis,idicrensis,ADJqua,Case=Nom|Numb=Plur|Deg=Pos
.,qvinqvaginta,ADJcar,Case=Acc|Numb=Plur
prbt,pro,PRE,MORPH=empty
.,qvintvs,ADJcar,Case=Acc|Numb=Plur
Gaudentius,gavdentivs,NOM2,Case=Nom|Numb=Sing
Putiensis,pvtienses,NOM3,Case=Nom|Numb=Plur|Deg=Pos
.,qvadrantal,ADJcar,Case=Acc|Numb=Plur
Victor,victor,NOM3,Case=Nom|Numb=Sing
Suggitanus,svggitanvs,NOM2,Case=Nom|Numb=Sing
.,qvadrantal,ADJcar,Case=Acc|Numb=Sing
Benenatus,benenatvs,NOM2,Case=Nom|Numb=Sing
Lambiritanus,lambiritanvs,NOM2,Case=Nom|Numb=Sing
.,qvinqvaginta,ADJcar,Case=Acc|Numb=Plur
Timotheus,timothevs,NOM7,Case=Nom|Numb=Sing
Tagurensis,tagvrensis,ADJqua,Case=Nom|Numb=Plur|Deg=Pos
.,qvintvs,ADJcar,Case=Gen|Numb=Plur
Melior,melior,NOM3,Case=Nom|Numb=Sing
Fossalensis,fossalensis,NOM3,Case=Gen|Numb=Sing
.,qvintvs,ADJcar,Case=Gen|Numb=Plur
Na,nanvs,NOM1,Case=Nom|Numb=Sing
.,qvinqvaginta,ADJcar,Case=Acc|Numb=Plur
Frumentius,frvmentivs,NOM2,Case=Nom|Numb=Sing
Tubursicensis,tvbvrsicensis,ADJqua,Case=Nom|Numb=Sing|Deg=Pos
.,qvinqvaginta,ADJcar,Case=Gen|Numb=Plur
Felix,felix,NOM3,Case=Nom|Numb=Sing|Deg=Pos
Lamsortensis,lamsortensis,ADJqua,Case=Nom|Numb=Sing|Deg=Pos
.,qvadranta,ADJcar,Case=Gen|Numb=Plur
Abundius,abvndivs,NOM2,Case=Nom|Numb=Sing
Tididitanus,tididitanvs,NOM2,Case=Nom|Numb=Sing
.,qvadrantal,ADJcar,Case=Acc|Numb=Sing
prbt,pro,PRE,MORPH=empty
.,qvintvs,ADJcar,Case=Acc|Numb=Plur
Valentianus,valentianvs,ADJqua,Case=Nom|Numb=Sing|Deg=Pos
Montensis,montenses,NOM3,Case=Nom|Numb=Sing
.,qvintvs,ADJcar,Case=Acc|Numb=Plur
prbt,pro,PRE,MORPH=empty
.,qvintvs,ADJcar,Case=Acc|Numb=Plur
Adeodatus,adeodatvs,NOM2,Case=Nom|Numb=Sing
Noua,nova,NOM1,Case=Nom|Numb=Sing
Barbarensis,barbarenses,NOM3,Case=Gen|Numb=Sing
.,qvintvs,ADJcar,Case=Acc|Numb=Plur
Adeodatus,adeodatvs,NOM2,Case=Nom|Numb=Sing
Idassensis,idassenses,NOM3,Case=Gen|Numb=Sing
.,qvinqvaginta,ADJcar,Case=Acc|Numb=Plur
Florentius,florentivs,NOM2,Case=Nom|Numb=Sing
Noua,nova,NOM1,Case=Nom|Numb=Sing
Germaniensis,germanienses,NOM3,Case=Nom|Numb=Sing|Deg=Pos
.,qvadrantal,ADJcar,Case=Acc|Numb=Plur
Villaticus,villaticvs,NOM2,Case=Nom|Numb=Sing
de,de,PRE,MORPH=empty
Casis,casis,NOM2,Case=Abl|Numb=Plur
Medianis,medianvs,NOM2,Case=Abl|Numb=Plur
.,qvintvs,ADJcar,Case=Acc|Numb=Plur
Eusebius,evsebivs,NOM2,Case=Nom|Numb=Sing
Susicaziensis,svsicazienses,NOM3,Case=Acc|Numb=Plur
.,qvinqvaginta,ADJcar,Case=Acc|Numb=Plur
Victorinus,victorinvs,NOM2,Case=Nom|Numb=Sing
de,de,PRE,MORPH=empty
Noua,nova,NOM1,Case=Abl|Numb=Sing
Caesaris,caesar,NOM3,Case=Gen|Numb=Sing
.,vnvs,ADJcar,Case=Gen|Numb=Plur
Vitalianus,vitalianvs,NOM2,Case=Nom|Numb=Sing|Deg=Pos
Vazaritanus,vazaritanvs,NOM2,Case=Nom|Numb=Sing
.,qvadrantal,ADJcar,Case=Acc|Numb=Sing
Iunior,ivnior,NOM3,Case=Nom|Numb=Sing
Tigillabensis,tigillabenses,ADJqua,Case=Nom|Numb=Sing|Deg=Pos
.,qvintvs,ADJcar,Case=Gen|Numb=Plur
Vigilius,vigilivs,NOM2,Case=Nom|Numb=Sing
Bessanensis,bessanensis,NOM3,Case=Acc|Numb=Sing
.,qvinqvaginta,ADJcar,Case=Acc|Numb=Plur
prbt,pro,PRE,MORPH=empty
.,qvintvs,ADJcar,Case=Acc|Numb=Plur
Leporius,leporivs,NOM2,Case=Nom|Numb=Sing
Augurensis,avgvrensis,ADJqua,Case=Nom|Numb=Sing|Deg=Pos
.,qvadrantal,ADJcar,Case=Acc|Numb=Plur
Pascentius,pascentivs,NOM2,Case=Nom|Numb=Sing
Octauensis,octavensis,NOM3,Case=Gen|Numb=Sing
.,qvadrantal,ADJcar,Case=Acc|Numb=Plur
Petrus,petrvs,NOM2,Case=Nom|Numb=Sing
Madensis,madensis,NOM3,Case=Nom|Numb=Sing|Deg=Pos
.,qvadrantal,ADJcar,Case=Gen|Numb=Plur
Felix,felix,NOM3,Case=Nom|Numb=Sing|Deg=Pos
Matharensis,matharenses,NOM3,Case=Nom|Numb=Sing
prbt,pro,PRE,MORPH=empty
.,qvintvs,ADJcar,Case=Acc|Numb=Plur
Florentius,florentivs,NOM2,Case=Nom|Numb=Sing
Centenariensis,centenarienses,ADJqua,Case=Nom|Numb=Plur|Deg=Pos
.,qvadrantal,ADJcar,Case=Acc|Numb=Plur
Felix,felix,NOM3,Case=Nom|Numb=Sing|Deg=Pos
Gilbensis,gilbenses,ADJqua,Case=Nom|Numb=Plur|Deg=Pos
prbt,probte,PRE,MORPH=empty
.,qvintvs,ADJcar,Case=Acc|Numb=Plur
Florentianus,florentianvs,ADJqua,Case=Nom|Numb=Sing|Deg=Pos
Midilensis,midilensis,ADJqua,Case=Nom|Numb=Sing|Deg=Pos
.,qvintvs,ADJcar,Case=Gen|Numb=Plur
Fluminius,flvminivs,NOM2,Case=Nom|Numb=Sing
Tabudensis,tabvdenses,NOM3,Case=Nom|Numb=Plur
.,qvadrantal,ADJcar,Case=Acc|Numb=Plur
Optantius,optantivs,NOM2,Case=Nom|Numb=Sing
Casensium,casenses,NOM3,Case=Gen|Numb=Plur
Calanensium,calanenses,NOM3,Case=Gen|Numb=Plur
.,qvinqvaginta,ADJcar,Case=Gen|Numb=Plur
Peregrinus,peregrinvs,ADJqua,Case=Nom|Numb=Sing|Deg=Pos
Pudentianensis,pvdentianses,ADJqua,Case=Nom|Numb=Plur|Deg=Pos
prbt,pro,PRE,MORPH=empty
.,qvintvs,ADJcar,Case=Acc|Numb=Plur
Felix,felix,NOM3,Case=Nom|Numb=Sing|Deg=Pos
Noua,nova,NOM1,Case=Nom|Numb=Sing
Sparsensis,sparsensis,ADJqua,Case=Nom|Numb=Sing|Deg=Pos
prbt,pro,PRE,MORPH=empty
.,qvintvs,ADJcar,Case=Acc|Numb=Plur
Felicianus,felicianvs,ADJqua,Case=Nom|Numb=Sing|Deg=Pos
Metensis,metenses,NOM3,Case=Nom|Numb=Sing
.,qvintvs,ADJcar,Case=Acc|Numb=Plur
Domnicus,domnicvs,NOM2,Case=Nom|Numb=Sing
Caesariensis,caesariensis,NOM3,Case=Nom|Numb=Sing|Deg=Pos
prbt,pro,PRE,MORPH=empty
.,qvintvs,ADJcar,Case=Acc|Numb=Plur
Candidus,candidvs,NOM2,Case=Nom|Numb=Sing
Noua,novvs,NOM1,Case=Nom|Numb=Sing
Sinensis,sinenses,NOM3,Case=Nom|Numb=Sing
prbt,pro,PRE,MORPH=empty
.,qvintvs,ADJcar,Case=Acc|Numb=Plur
Quoduultdeus,qvodvoltevs,NOM2,Case=Nom|Numb=Sing
Caelianensis,caelianensis,ADJqua,Case=Nom|Numb=Plur|Deg=Pos
.,qvadrantal,ADJcar,Case=Acc|Numb=Plur
nam,nam,CONcoo,MORPH=empty
.,qvintvs,ADJcar,Case=Acc|Numb=Plur
Ianuarius,ianvarivs,ADJqua,Case=Nom|Numb=Sing|Deg=Pos
Iattarensis,iattarenses,NOM3,Case=Nom|Numb=Sing
.,qvadrantal,ADJcar,Case=Acc|Numb=Plur
Victorinus,victorinvs,NOM2,Case=Nom|Numb=Sing
de,de,PRE,MORPH=empty
Castello,castellvs,NOM2,Case=Abl|Numb=Sing
Tituliano,titvlianvs,NOM2,Case=Abl|Numb=Sing
.,qvintvs,ADJcar,Case=Acc|Numb=Plur
Fructuosus,frvctvosvs,ADJqua,Case=Nom|Numb=Sing|Deg=Pos
de,de,PRE,MORPH=empty
Giru,girvs,NOM2,Case=Abl|Numb=Sing
Marcelli,marcellvs,NOM2,Case=Gen|Numb=Sing
.,qvintvs,ADJcar,Case=Gen|Numb=Plur
Cresconius,cresconivs,NOM2,Case=Nom|Numb=Sing
Tharasensis,tharasenses,ADJqua,Case=Nom|Numb=Sing|Deg=Pos
.,qvadrantal,ADJcar,Case=Acc|Numb=Plur
Maximus,maximvs,NOM2,Case=Nom|Numb=Sing
Sillitanus,sillitanvs,NOM2,Case=Nom|Numb=Sing|Deg=Pos
prbt,probte,PRE,MORPH=empty
.,qvintvs,ADJcar,Case=Acc|Numb=Plur
Vigilius,vigilivs,NOM2,Case=Nom|Numb=Sing
Hizirzadensis,hisirzadenses,NOM3,Case=Nom|Numb=Sing|Deg=Pos
prbt,pro,PRE,MORPH=empty
.,qvintvs,ADJcar,Case=Acc|Numb=Plur
Victor,victor,NOM3,Case=Nom|Numb=Sing
Municipensis,mvnicipenses,NOM3,Case=Nom|Numb=Plur|Deg=Pos
.,qvadrantal,ADJcar,Case=Acc|Numb=Plur
Seruus,servvs,NOM2,Case=Nom|Numb=Sing
Arsicaritanus,arsicaritanvs,NOM2,Case=Nom|Numb=Sing
.,qvadrantal,ADJcar,Case=Acc|Numb=Sing
Felix,felix,NOM3,Case=Nom|Numb=Sing|Deg=Pos
Casae,casa,NOM1,Case=Gen|Numb=Sing
Nigrensis,nigrenses,ADJqua,Case=Nom|Numb=Sing|Deg=Pos
.,qvadrantal,ADJcar,Case=Gen|Numb=Plur
Donatianus,donatianvs,NOM2,Case=Nom|Numb=Sing
Vegeselitanus,vegeselitvs,NOM2,Case=Nom|Numb=Sing|Deg=Pos
.,qvintvs,ADJcar,Case=Acc|Numb=Sing
Pudentius,pvdentivs,NOM2,Case=Nom|Numb=Sing
Madaurensis,madavrensis,NOM3,Case=Nom|Numb=Sing|Deg=Pos
.,qvadrantal,ADJcar,Case=Acc|Numb=Plur
Donatus,donatvs,NOM2,Case=Nom|Numb=Sing
Rusticianensis,rvsticianenses,NOM3,Case=Nom|Numb=Plur
.,qvadrantal,ADJcar,Case=Acc|Numb=Plur
Donatus,donatvs,NOM2,Case=Nom|Numb=Sing
Villa,villa,NOM1,Case=Nom|Numb=Sing
Regensis,regensis,NOM3,Case=Nom|Numb=Plur
.,qvadrantal,ADJcar,Case=Gen|Numb=Plur
Crescens,crescens,NOM3,Case=Nom|Numb=Sing
Buffadensis,bvffadensis,NOM3,Case=Nom|Numb=Sing
prbt,pro,PRE,MORPH=empty
.,qvintvs,ADJcar,Case=Acc|Numb=Plur
Adeodatus,adeodatvs,NOM2,Case=Nom|Numb=Sing
Sistronianensis,sistroniansis,ADJqua,Case=Nom|Numb=Plur|Deg=Pos
prbt,pro,PRE,MORPH=empty
.,qvintvs,ADJcar,Case=Acc|Numb=Plur
Rusticus,rvsticvs,NOM2,Case=Nom|Numb=Sing
Tipasensis,tipasenses,NOM3,Case=Nom|Numb=Sing
.,qvadrantal,ADJcar,Case=Acc|Numb=Plur
Simplicius,simplicivs,NOM2,Case=Nom|Numb=Sing
Tibilitanus,tibilitanvs,NOM2,Case=Nom|Numb=Sing
.,qvadrantal,ADJcar,Case=Acc|Numb=Sing
Stephanus,stephanvs,NOM2,Case=Nom|Numb=Sing
Sinitensis,sinitensis,ADJqua,Case=Nom|Numb=Sing|Deg=Pos
.,qvadrantal,ADJcar,Case=Acc|Numb=Plur
Pascentius,pascentivs,NOM2,Case=Nom|Numb=Sing
Cathaquensis,cathaqvensis,ADJqua,Case=Nom|Numb=Plur|Deg=Pos
.,qvadrantal,ADJcar,Case=Acc|Numb=Plur
Corsica,corsica,ADJqua,Case=Nom|Numb=Sing|Deg=Pos
.,qvinqvaginta,ADJcar,Case=Ind|Numb=Plur
Donatianus,donatianvs,NOM2,Case=Nom|Numb=Sing
Teglatensis,teglatenses,ADJqua,Case=Nom|Numb=Sing|Deg=Pos
.,qvadrantal,ADJcar,Case=Acc|Numb=Plur
Cresconius,cresconivs,NOM2,Case=Nom|Numb=Sing
Zabensis,zabenses,NOM3,Case=Nom|Numb=Sing
.,qvintvs,ADJcar,Case=Acc|Numb=Plur
Antonianus,antonianvs,NOM2,Case=Nom|Numb=Sing|Deg=Pos
Mustitanus,mvstitanvs,NOM2,Case=Nom|Numb=Sing
.,qvadrantal,ADJcar,Case=Acc|Numb=Plur
Reparatus,reparatvs,NOM2,Case=Nom|Numb=Sing|Deg=Pos
Tubuniensis,tvbvniensis,ADJqua,Case=Nom|Numb=Plur|Deg=Pos
.,qvintvs,ADJcar,Case=Acc|Numb=Plur
Anastasius,anastasivs,NOM2,Case=Nom|Numb=Sing
Aquae,aqva,NOM1,Case=Gen|Numb=Sing
Nouensis,novenses,ADJqua,Case=Nom|Numb=Sing|Deg=Pos
.,qvinqvaginta,ADJcar,Case=Gen|Numb=Plur
Victorinus,victorinvs,NOM2,Case=Nom|Numb=Sing
Babrensis,babrenses,NOM3,Case=Nom|Numb=Sing|Deg=Pos
prbt,pro,PRE,MORPH=empty
.,qvintvs,ADJcar,Case=Acc|Numb=Plur
Felix,felix,NOM3,Case=Nom|Numb=Sing
Tebestinus,tebestinvs,NOM2,Case=Nom|Numb=Sing|Deg=Pos
.,qvadrantal,ADJcar,Case=Acc|Numb=Plur
Domninus,domninvs,NOM2,Case=Nom|Numb=Sing
Moxoritanus,moxoritanvs,NOM2,Case=Nom|Numb=Sing|Deg=Pos
metallo,metallvm,NOM2,Case=Abl|Numb=Sing
.,qvintvs,ADJcar,Case=Abl|Numb=Plur
Secundus,secvndvs,NOM2,Case=Nom|Numb=Sing
Tamogaziensis,tamogazienses,NOM3,Case=Nom|Numb=Plur
prbt,pro,PRE,MORPH=empty
.,qvintvs,ADJcar,Case=Acc|Numb=Plur
Victorinus,victorinvs,NOM2,Case=Nom|Numb=Sing
Legiensis,legienses,NOM3,Case=Nom|Numb=Sing
.,qvintvs,ADJcar,Case=Acc|Numb=Plur
Quoduultdeus,qvodvoltevs,NOM2,Case=Nom|Numb=Sing
Respectensis,respectenses,ADJqua,Case=Nom|Numb=Plur
.,qvadrantal,ADJcar,Case=Acc|Numb=Plur
Ianuarius,ianvarivs,ADJqua,Case=Nom|Numb=Sing|Deg=Pos
Velefitanus,velefitanvs,NOM2,Case=Nom|Numb=Sing|Deg=Pos
.,qvadrantal,ADJcar,Case=Acc|Numb=Sing
Benenatus,benenatvs,NOM2,Case=Nom|Numb=Sing
Mazacensis,mazacensis,ADJqua,Case=Nom|Numb=Plur|Deg=Pos
prbt,pro,PRE,MORPH=empty
.,qvintvs,ADJcar,Case=Acc|Numb=Plur
Donatus,donatvs,NOM2,Case=Nom|Numb=Sing
Iugurensis,ivgvrensis,ADJqua,Case=Nom|Numb=Sing|Deg=Pos
prbt,pro,PRE,MORPH=empty
.,qvintvs,ADJcar,Case=Acc|Numb=Plur
Victor,victor,NOM3,Case=Nom|Numb=Sing
Cirtensis,cirtensis,ADJqua,Case=Nom|Numb=Plur|Deg=Pos
prbt,probte,PRE,MORPH=empty
.,qvintvs,ADJcar,Case=Acc|Numb=Plur
Pardalius,pardalivs,NOM2,Case=Nom|Numb=Sing
Macomadiensis,macomadienses,NOM3,Case=Nom|Numb=Plur
.,qvadrantal,ADJcar,Case=Acc|Numb=Plur
Ianuarius,ianvarivs,ADJqua,Case=Nom|Numb=Sing|Deg=Pos
Legensis,legensis,NOM3,Case=Nom|Numb=Plur
prbt,pro,PRE,MORPH=empty
.,qvintvs,ADJcar,Case=Acc|Numb=Plur
Quoduultdeus,qvodvoltevs,NOM2,Case=Nom|Numb=Sing
a,ab,PRE,MORPH=empty
Turres,tvrres,NOM3,Case=Nom|Numb=Plur
Concordi,concors,ADJqua,Case=Dat|Numb=Sing|Deg=Pos
.,qvintvs,ADJcar,Case=Gen|Numb=Plur
Maximus,maximvs,NOM2,Case=Nom|Numb=Sing
Lamfuensis,lamfvenses,NOM3,Case=Nom|Numb=Sing
prbt,pro,PRE,MORPH=empty
.,qvintvs,ADJcar,Case=Acc|Numb=Plur
Marcellinus,marcellinvs,NOM2,Case=Nom|Numb=Sing
Vagrautensis,vagravtenses,ADJqua,Case=Nom|Numb=Plur|Deg=Pos
.,qvintvs,ADJcar,Case=Acc|Numb=Plur
Domnicosus,domnicosvs,NOM2,Case=Nom|Numb=Sing
Tigisitanus,tigisitanvs,NOM2,Case=Nom|Numb=Sing
.,qvadrantal,ADJcar,Case=Acc|Numb=Sing
Donatus,donatvs,NOM2,Case=Nom|Numb=Sing
Gilbensis,gilbenses,ADJqua,Case=Nom|Numb=Plur|Deg=Pos
.,qvintvs,ADJcar,Case=Acc|Numb=Plur
Fortunius,fortvnivs,NOM2,Case=Nom|Numb=Sing
Regianensis,regianensis,ADJqua,Case=Nom|Numb=Plur|Deg=Pos
prbt,pro,PRE,MORPH=empty
.,qvintvs,ADJcar,Case=Acc|Numb=Plur
Donatus,donatvs,NOM2,Case=Nom|Numb=Sing
Silensis,silenses,ADJqua,Case=Nom|Numb=Sing|Deg=Pos
.,qvadrantal,ADJcar,Case=Acc|Numb=Plur
Victor,victor,NOM3,Case=Nom|Numb=Sing
Gaudiabensis,gavdiabensis,ADJqua,Case=Acc|Numb=Plur
.,qvadrantal,ADJcar,Case=Acc|Numb=Plur
Ianuarianus,ianvarianvs,ADJqua,Case=Nom|Numb=Sing|Deg=Pos
Masculitanus,mascvlitanvs,NOM2,Case=Nom|Numb=Sing
.,qvintvs,ADJcar,Case=Acc|Numb=Sing
Ianuarius,ianvarivs,ADJqua,Case=Nom|Numb=Sing|Deg=Pos
Centuriensis,centvriensis,NOM3,Case=Nom|Numb=Plur|Deg=Pos
.,qvadrantal,ADJcar,Case=Acc|Numb=Plur
Felix,felix,NOM3,Case=Nom|Numb=Sing|Deg=Pos
Suauensis,svavensis,NOM3,Case=Nom|Numb=Sing
.,qvadrantal,ADJcar,Case=Acc|Numb=Plur
Crescentianus,crescentianvs,NOM2,Case=Nom|Numb=Sing
Germaniensis,germanienses,NOM3,Case=Nom|Numb=Sing|Deg=Pos
.,qvintvs,ADJcar,Case=Acc|Numb=Plur
Annibonius,annibonivs,NOM2,Case=Nom|Numb=Sing
Vadesitanus,vadesitanvs,ADJqua,Case=Nom|Numb=Sing|Deg=Pos
.,qvadrantal,ADJcar,Case=Acc|Numb=Sing
Ianuarius,ianvarivs,ADJqua,Case=Nom|Numb=Sing|Deg=Pos
Gaurianensis,gavrianensis,ADJqua,Case=Nom|Numb=Plur|Deg=Pos
prbt,pro,PRE,MORPH=empty
.,qvintvs,ADJcar,Case=Acc|Numb=Plur
Fortunatianus,fortvnatianvs,NOM2,Case=Nom|Numb=Sing
Naratcatensis,narathatenses,ADJqua,Case=Nom|Numb=Plur
.,qvadrantal,ADJcar,Case=Acc|Numb=Plur
Maximus,maximvs,NOM2,Case=Nom|Numb=Sing
Lamiggigensis,lamigigenses,NOM3,Case=Nom|Numb=Plur
.,qvinqvaginta,ADJcar,Case=Acc|Numb=Plur
Felix,felix,NOM3,Case=Nom|Numb=Sing|Deg=Pos
Garbensis,garbensis,ADJqua,Case=Nom|Numb=Sing|Deg=Pos
prbt,pro,PRE,MORPH=empty
.,qvintvs,ADJcar,Case=Acc|Numb=Plur
Iulius,ivlivs,NOM2,Case=Nom|Numb=Sing
Vagarmelitanus,vagarmelitanvs,NOM2,Case=Nom|Numb=Sing
.,qvadrantal,ADJcar,Case=Acc|Numb=Sing
Ponticanus,ponticanvs,ADJqua,Case=Nom|Numb=Sing|Deg=Pos
Formensis,formensis,NOM3,Case=Nom|Numb=Sing
prbt._,prbtvlvs,NOM2,Case=Nom|Numb=Plur
Victor,victor,NOM3,Case=Nom|Numb=Sing
de,de,PRE,MORPH=empty
Turres,tvrres,NOM3,Case=Acc|Numb=Plur
Ammeniarum,ammenia,NOM1,Case=Gen|Numb=Plur
.,qvintvs,ADJcar,Case=Gen|Numb=Plur
Seruus,servvs,NOM2,Case=Nom|Numb=Sing
Belesasensis,belesasenses,ADJqua,Case=Nom|Numb=Plur
.,qvadrantal,ADJcar,Case=Acc|Numb=Plur
Honoratus,honoratvs,NOM2,Case=Nom|Numb=Sing
Fatensis,fatensis,ADJqua,Case=Nom|Numb=Sing|Deg=Pos
.,qvadrantal,ADJcar,Case=Acc|Numb=Plur
Mensor,mensor,NOM3,Case=Nom|Numb=Sing
Formensis,formensis,NOM3,Case=Nom|Numb=Sing
.,qvinqvaginta,ADJcar,Case=Gen|Numb=Plur
Peregrinus,peregrinvs,ADJqua,Case=Nom|Numb=Sing|Deg=Pos
Muliensis,mvlienses,NOM3,Case=Nom|Numb=Sing
.,qvintvs,ADJcar,Case=Acc|Numb=Plur
Gedalius,gedalivs,NOM2,Case=Nom|Numb=Sing
Ospitensis,ospitensis,ADJqua,Case=Nom|Numb=Sing|Deg=Pos
.,qvadrantal,ADJcar,Case=Acc|Numb=Plur
Fulgentius,fvlgentivs,NOM2,Case=Nom|Numb=Sing
Vagadensis,vagadensis,NOM3,Case=Gen|Numb=Sing
prbt,pro,PRE,MORPH=empty
.,qvintvs,ADJcar,Case=Acc|Numb=Plur
Secundinus,secvndinvs,NOM2,Case=Nom|Numb=Sing
Lamasbensis,lamasbenses,NOM3,Case=Nom|Numb=Plur
.,qvintvs,ADJcar,Case=Acc|Numb=Plur
Crescentius,crescentivs,ADJqua,Case=Nom|Numb=Sing
Tacaratensis,tacaratenses,ADJqua,Case=Nom|Numb=Plur|Deg=Pos
.,qvadrantal,ADJcar,Case=Acc|Numb=Plur
Benenatus,benenatvs,NOM2,Case=Nom|Numb=Sing
Mileuitanus,milevitanvs,NOM2,Case=Nom|Numb=Sing
.,qvadrantal,ADJcar,Case=Acc|Numb=Sing
Quoduultdeus,qvodvoltevs,NOM2,Case=Nom|Numb=Sing
Vllitanus,vllitanvs,NOM2,Case=Nom|Numb=Sing
.,qvintvs,ADJcar,Case=Acc|Numb=Sing
Proficius,proficivs,NOM2,Case=Nom|Numb=Sing
Seleucianensis,selevciansis,ADJqua,Case=Nom|Numb=Plur|Deg=Pos
prbt,pro,PRE,MORPH=empty
.,qvintvs,ADJcar,Case=Acc|Numb=Plur
Proficius,proficivs,NOM2,Case=Nom|Numb=Sing
Vadensis,vadenses,NOM3,Case=Nom|Numb=Sing
prbt,pro,PRE,MORPH=empty
.,qvintvs,ADJcar,Case=Acc|Numb=Plur
Ianuarius,ianvarivs,ADJqua,Case=Nom|Numb=Sing|Deg=Pos
Tagastensis,tagastenses,NOM3,Case=Nom|Numb=Plur
prbt,pro,PRE,MORPH=empty
.,qvintvs,ADJcar,Case=Acc|Numb=Plur
Donatus,donatvs,NOM2,Case=Nom|Numb=Sing
Maximianensis,maximianenses,ADJqua,Case=Acc|Numb=Plur|Deg=Pos
.,qvadrantal,ADJcar,Case=Acc|Numb=Plur
Adeodatus,adeodatvs,NOM2,Case=Nom|Numb=Sing
Zaradtensis,zaradtenses,ADJqua,Case=Nom|Numb=Plur|Deg=Pos
prbt,pro,PRE,MORPH=empty
.,qvintvs,ADJcar,Case=Acc|Numb=Plur
Felicianus,felicianvs,ADJqua,Case=Nom|Numb=Sing|Deg=Pos
de,de,PRE,MORPH=empty
Giru,girvs,NOM2,Case=Abl|Numb=Sing
Tarasi,tarasivs,NOM2,Case=Gen|Numb=Sing
.,qvintvs,ADJcar,Case=Gen|Numb=Plur
Cardelus,cardelvs,NOM2,Case=Nom|Numb=Sing
Lamiggigensis,lamigigenses,NOM3,Case=Nom|Numb=Plur
.,qvinqvaginta,ADJcar,Case=Acc|Numb=Plur
Flauianus,flavianvs,NOM2,Case=Nom|Numb=Sing
Vico,vicvs,NOM2,Case=Dat|Numb=Sing
Pacensis,pacensis,NOM3,Case=Nom|Numb=Sing|Deg=Pos
.,qvintvs,ADJcar,Case=Gen|Numb=Plur
Sunt,svm,VER,Numb=Plur|Voice=Act|Person=3
numero,nvmervs,NOM2,Case=Abl|Numb=Sing
CXXV,centvm,ADJcar,Case=Ind
.,qvintvs,ADJcar,Case=Acc|Numb=Plur
Vassinassensis,vassinassis,ADJqua,Case=Nom|Numb=Plur
.,qvinqvaginta,ADJcar,Case=Acc|Numb=Plur
Et,et,CONcoo,MORPH=empty
Aquis,aqvis,NOM1,Case=Nom|Numb=Sing
.,qvintvs,ADJcar,Case=Acc|Numb=Sing
Liberatus,liberatvs,NOM2,Case=Nom|Numb=Sing
Amudarsensis,amvdarsenses,ADJqua,Case=Nom|Numb=Plur|Deg=Pos
prbt,pro,PRE,MORPH=empty
.,qvintvs,ADJcar,Case=Acc|Numb=Plur
Mansuetus,mansvetvs,NOM2,Case=Nom|Numb=Sing
Afufeniensis,afvfenienses,ADJqua,Case=Nom|Numb=Plur|Deg=Pos
.,qvadrantal,ADJcar,Case=Acc|Numb=Plur
Pascasius,pascasivs,NOM2,Case=Nom|Numb=Sing
Septimuniciensis,septimvniciensis,NOM3,Case=Nom|Numb=Plur
.,qvadrantal,ADJcar,Case=Acc|Numb=Plur
Hortulanus,hortvlanvs,NOM2,Case=Nom|Numb=Sing
Benefensis,benefensis,NOM3,Case=Nom|Numb=Plur
.,qvinqvaginta,ADJcar,Case=Acc|Numb=Plur
Victorinus,victorinvs,NOM2,Case=Nom|Numb=Sing
Ancusensis,ancvsenses,ADJqua,Case=Acc|Numb=Sing|Deg=Pos
.,qvintvs,ADJcar,Case=Acc|Numb=Plur
Euodius,evodivs,NOM2,Case=Nom|Numb=Sing
Mididitanus,mididitanvs,NOM2,Case=Nom|Numb=Sing
.,qvadrantal,ADJcar,Case=Acc|Numb=Sing
Terentianus,terentianvs,ADJqua,Case=Nom|Numb=Sing|Deg=Pos
Tubulbacensis,tvbvlbacensis,NOM3,Case=Nom|Numb=Plur
.,qvadrantal,ADJcar,Case=Acc|Numb=Plur
Rogatianus,rogatianvs,ADJqua,Case=Nom|Numb=Sing|Deg=Pos
Valentinianensis,valentinianes,ADJqua,Case=Acc|Numb=Sing|Deg=Pos
.,qvinqvaginta,ADJcar,Case=Acc|Numb=Plur
Bonifatius,bonifativs,NOM2,Case=Nom|Numb=Sing
Masclianensis,masclianenses,ADJqua,Case=Acc|Numb=Plur|Deg=Pos
.,qvadrantal,ADJcar,Case=Gen|Numb=Plur
Victorinus,victorinvs,NOM2,Case=Nom|Numb=Sing
Seuerianensis,severiansis,NOM3,Case=Nom|Numb=Plur
.,qvintvs,ADJcar,Case=Acc|Numb=Plur
Victor,victor,NOM3,Case=Nom|Numb=Sing
Narensis,narenses,NOM3,Case=Nom|Numb=Sing
.,qvadrantal,ADJcar,Case=Acc|Numb=Plur
Leontius,leontivs,NOM2,Case=Nom|Numb=Sing
Decorianensis,decorianenses,ADJqua,Case=Nom|Numb=Plur|Deg=Pos
.,qvadrantal,ADJcar,Case=Acc|Numb=Plur
Seruusdei,servvsdevs,NOM2,Case=Gen|Numb=Sing
Tambeitanus,tambeitanvs,NOM2,Case=Nom|Numb=Sing
.,qvintvs,ADJcar,Case=Acc|Numb=Sing
Laetus,laetvs,NOM2,Case=Nom|Numb=Sing
Neptitanus,neptitanvs,NOM2,Case=Nom|Numb=Sing
.,qvadrantal,ADJcar,Case=Acc|Numb=Sing
Felix,felix,NOM3,Case=Nom|Numb=Sing|Deg=Pos
Custrensis,cvstrensis,NOM3,Case=Nom|Numb=Sing|Deg=Pos
prbt,pro,PRE,MORPH=empty
.,qvintvs,ADJcar,Case=Acc|Numb=Plur
Flauianus,flavianvs,NOM2,Case=Nom|Numb=Sing
Bulelianensis,bvlelianenses,ADJqua,Case=Acc|Numb=Plur|Deg=Pos
.,qvinqvaginta,ADJcar,Case=Acc|Numb=Plur
Decimus,decimvs,NOM2,Case=Nom|Numb=Sing
Theuzitanus,thevsitanvs,NOM2,Case=Nom|Numb=Sing
.,qvadrantal,ADJcar,Case=Acc|Numb=Sing
Seruandus,servandvs,NOM2,Case=Nom|Numb=Sing
Putiensis,pvtienses,NOM3,Case=Nom|Numb=Sing|Deg=Pos
.,qvadrantal,ADJcar,Case=Acc|Numb=Plur
Restitutus,restitvo,NOM2,Case=Nom|Numb=Sing
Thagamutensis,thagamvtenses,ADJqua,Case=Nom|Numb=Sing|Deg=Pos
.,qvadrantal,ADJcar,Case=Acc|Numb=Plur
Praesidius,praesidivs,NOM2,Case=Nom|Numb=Sing
Sufetulensis,svfetvlensis,ADJqua,Case=Nom|Numb=Plur|Deg=Pos
in,in,PRE,MORPH=empty
exil,exsil,NOM3,Case=Abl|Numb=Sing
.,qvinqvaginta,ADJcar,Case=Acc|Numb=Plur
Eustratius,evstrativs,NOM2,Case=Nom|Numb=Sing
Sufetanus,svfetanvs,NOM2,Case=Nom|Numb=Sing
.,qvadrantal,ADJcar,Case=Acc|Numb=Sing
Secundinus,secvndinvs,NOM2,Case=Nom|Numb=Sing
Garrianensis,garrianensis,ADJqua,Case=Nom|Numb=Plur|Deg=Pos
prbt,pro,PRE,MORPH=empty
.,qvintvs,ADJcar,Case=Acc|Numb=Plur
Praefectianus,praefectianvs,NOM2,Case=Nom|Numb=Sing
Abaradirensis,abaradirenses,NOM3,Case=Nom|Numb=Sing|Deg=Pos
prbt,pro,PRE,MORPH=empty
.,qvintvs,ADJcar,Case=Acc|Numb=Plur
Sabinicus,sabinicvs,NOM2,Case=Nom|Numb=Sing
Octauiensis,octavienses,ADJqua,Case=Nom|Numb=Plur|Deg=Pos
.,qvinqvaginta,ADJcar,Case=Acc|Numb=Plur
Adelfius,adelfivs,NOM2,Case=Nom|Numb=Sing
Mactaritanus,mactaritanvs,NOM2,Case=Nom|Numb=Sing
.,qvadrantal,ADJcar,Case=Acc|Numb=Sing
Restitutus,restitvo,NOM2,Case=Nom|Numb=Sing
Aquiabe,aqviabes,NOM3,Case=Abl|Numb=Sing
-ne,one,CONsub,MORPH=empty
Antacius,antacivs,NOM2,Case=Nom|Numb=Sing
Medianensis,medianensis,NOM3,Case=Acc|Numb=Sing|Deg=Pos
.,qvadranta,ADJcar,Case=Acc|Numb=Plur
Mensius,mensivs,NOM2,Case=Nom|Numb=Sing
Turrensis,tvrrenses,ADJqua,Case=Nom|Numb=Sing|Deg=Pos
.,qvintvs,ADJcar,Case=Acc|Numb=Plur
Filtiosus,filtiosvs,NOM2,Case=Nom|Numb=Sing
Aggaritanus,aggaritanvs,NOM2,Case=Nom|Numb=Sing
.,qvadrantal,ADJcar,Case=Acc|Numb=Sing
Fastidiosus,fastidiosvs,ADJqua,Case=Nom|Numb=Sing|Deg=Pos
Egnatiensis,egnatienses,ADJqua,Case=Nom|Numb=Sing|Deg=Pos
.,qvintvs,ADJcar,Case=Gen|Numb=Plur
Germanus,germanvs,NOM2,Case=Nom|Numb=Sing|Deg=Pos
Paradamiensis,paradamienses,NOM3,Case=Gen|Numb=Plur
.,qvadrantal,ADJcar,Case=Acc|Numb=Plur
Donatus,donatvs,NOM2,Case=Nom|Numb=Sing
Ermianensis,ermianensis,NOM3,Case=Nom|Numb=Plur|Deg=Pos
.,qvinqvaginta,ADJcar,Case=Acc|Numb=Plur
Pascasius,pascasivs,NOM2,Case=Nom|Numb=Sing
Tenitanus,tenitanvs,NOM2,Case=Nom|Numb=Sing
.,qvadrantal,ADJcar,Case=Acc|Numb=Sing
Domninus,domninvs,NOM2,Case=Nom|Numb=Sing
Tarazensis,tarazenses,NOM3,Case=Nom|Numb=Plur
.,qvintvs,ADJcar,Case=Acc|Numb=Plur
Hilarinus,hilarinvs,ADJqua,Case=Nom|Numb=Sing|Deg=Pos
Trofimianensis,trofimiansis,ADJqua,Case=Nom|Numb=Plur|Deg=Pos
.,qvadrantal,ADJcar,Case=Acc|Numb=Plur
Fortunatianus,fortvnatianvs,NOM2,Case=Nom|Numb=Sing
Lepti,leptis,NOM2,Case=Gen|Numb=Sing
Minensis,minenses,ADJqua,Case=Gen|Numb=Sing|Deg=Pos
.,qvinqvaginta,ADJcar,Case=Gen|Numb=Plur
Honoratus,honoratvs,NOM2,Case=Nom|Numb=Sing
Tagariatanus,tagariatanvs,ADJqua,Case=Nom|Numb=Sing|Deg=Pos
.,qvadrantal,ADJcar,Case=Acc|Numb=Sing
Albinus,albinvs,NOM2,Case=Nom|Numb=Sing
Octauensis,octavensis,NOM3,Case=Gen|Numb=Sing
.,qvadrantal,ADJcar,Case=Acc|Numb=Plur
Aurelius,avrelivs,NOM2,Case=Nom|Numb=Sing
Feradi,feradivs,NOM2,Case=Gen|Numb=Sing
Maiensis,maienses,NOM3,Case=Gen|Numb=Sing
.,qvadrantal,ADJcar,Case=Gen|Numb=Plur
Felix,felix,NOM3,Case=Nom|Numb=Sing|Deg=Pos
Crepedulensis,crepedvlenses,ADJqua,Case=Nom|Numb=Plur|Deg=Pos
.,qvadranta,ADJcar,Case=Acc|Numb=Plur
Cyprianus,cyprianvs,NOM2,Case=Nom|Numb=Sing
Vnuzibirensis,vnvsibirses,NOM3,Case=Nom|Numb=Sing|Deg=Pos
.,qvinqvaginta,ADJcar,Case=Acc|Numb=Plur
Innocentius,innocentivs,NOM2,Case=Nom|Numb=Sing
Muzucensis,mvzvcensis,NOM3,Case=Nom|Numb=Plur
.,qvadrantal,ADJcar,Case=Acc|Numb=Plur
Possidius,possidivs,NOM2,Case=Nom|Numb=Sing
Massimanensis,massimanenses,NOM3,Case=Nom|Numb=Sing
non,non,ADVneg,MORPH=empty
occurrit,occvrro,VER,Numb=Sing|Mood=Ind|Tense=Perf|Voice=Act|Person=3
.,qvintvs,ADJcar,Case=Acc|Numb=Plur
Victor,victor,NOM3,Case=Nom|Numb=Sing
Vitensis,vitensis,ADJqua,Case=Nom|Numb=Sing|Deg=Pos
non,non,ADVneg,MORPH=empty
occurrit,occvrro,VER,Numb=Sing|Mood=Ind|Tense=Pres|Voice=Act|Person=3
.,vnvs,ADJcar,Case=Acc|Numb=Sing
Victorinus,victorinvs,NOM2,Case=Nom|Numb=Sing
Scebatianensis,scebatianenses,NOM3,Case=Nom|Numb=Sing
.,qvintvs,ADJcar,Case=Acc|Numb=Plur
Adeodatus,adeodatvs,NOM2,Case=Nom|Numb=Sing
Pederodianensis,pederodianenses,ADJqua,Case=Nom|Numb=Plur|Deg=Pos
.,qvadrantal,ADJcar,Case=Acc|Numb=Plur
Athenius,athenivs,NOM2,Case=Nom|Numb=Sing
Circinitanus,circinitanvs,NOM2,Case=Nom|Numb=Sing|Deg=Pos
.,qvadrantal,ADJcar,Case=Acc|Numb=Sing
Florentinus,florentinvs,NOM2,Case=Nom|Numb=Sing
Tuziritanus,tvziritanvs,NOM2,Case=Nom|Numb=Sing
.,vnvs,ADJcar,Case=Acc|Numb=Sing
Vindicianus,vindicianvs,NOM2,Case=Nom|Numb=Sing
Marazanensis,marazanenses,ADJqua,Case=Nom|Numb=Sing|Deg=Pos
.,qvinqvaginta,ADJcar,Case=Acc|Numb=Plur
Adelfius,adelfivs,NOM2,Case=Nom|Numb=Sing
Mattaritanus,mattaritanvs,NOM2,Case=Nom|Numb=Sing
.,qvadrantal,ADJcar,Case=Acc|Numb=Plur
Adeodatus,adeodatvs,NOM2,Case=Nom|Numb=Sing
Praecausensis,praecavsenses,NOM3,Case=Nom|Numb=Plur|Deg=Pos
.,qvinqvaginta,ADJcar,Case=Acc|Numb=Plur
Restitutus,restitvo,NOM2,Case=Nom|Numb=Sing
Aquis,aqvi,NOM1,Case=Dat|Numb=Sing
Albensium,albenses,NOM3,Case=Gen|Numb=Plur
.,qvinqvaginta,ADJcar,Case=Acc|Numb=Plur
Felix,felix,NOM3,Case=Nom|Numb=Sing|Deg=Pos
Irpinianensis,irpinianensis,ADJqua,Case=Nom|Numb=Plur|Deg=Pos
.,qvadrantal,ADJcar,Case=Acc|Numb=Plur
Victorinus,victorinvs,NOM2,Case=Nom|Numb=Sing
Vsulensis,vsvlensis,NOM3,Case=Nom|Numb=Sing|Deg=Pos
.,qvintvs,ADJcar,Case=Acc|Numb=Plur
Habetdeum,habetdevs,NOM2,Case=Acc|Numb=Sing
Tamallumensis,tamallvm,NOM3,Case=Nom|Numb=Plur
.,qvintvs,ADJcar,Case=Acc|Numb=Plur
Concordius,concordivs,NOM2,Case=Nom|Numb=Sing
Cululitanus,cvlvlitanvs,NOM2,Case=Nom|Numb=Sing
.,qvintvs,ADJcar,Case=Acc|Numb=Plur
Seruus,servvs,NOM2,Case=Nom|Numb=Sing
Menefessitanus,menefessitvnvs,NOM2,Case=Nom|Numb=Sing
.,qvadrantal,ADJcar,Case=Acc|Numb=Sing
Quintianus,qvintianvs,NOM2,Case=Nom|Numb=Sing
Casulis,casvlvs,NOM2,Case=Dat|Numb=Plur
Carianensis,carianensis,ADJqua,Case=Nom|Numb=Plur|Deg=Pos
.,qvadrantal,ADJcar,Case=Acc|Numb=Plur
Restitutus,restitvo,NOM2,Case=Nom|Numb=Sing
Acolitanus,acolitanvs,NOM2,Case=Nom|Numb=Sing|Deg=Pos
.,qvintvs,ADJcar,Case=Acc|Numb=Sing
Vindemialis,vindemialis,NOM3,Case=Nom|Numb=Sing|Deg=Pos
Capsensis,capsensis,ADJqua,Case=Nom|Numb=Sing|Deg=Pos
.,qvintvs,ADJcar,Case=Gen|Numb=Plur
Quoduultdeus,qvodvoltevs,NOM2,Case=Nom|Numb=Sing
Durensis,dvrensis,ADJqua,Case=Nom|Numb=Plur|Deg=Pos
prbt,pro,PRE,MORPH=empty
.,qvintvs,ADJcar,Case=Acc|Numb=Plur
Eliodorus,eliodorvs,NOM2,Case=Nom|Numb=Sing
Cufrutensis,cvfrvtensis,NOM3,Case=Acc|Numb=Sing
.,qvintvs,ADJcar,Case=Acc|Numb=Plur
Marcellinus,marcellinvs,NOM2,Case=Nom|Numb=Sing
Tasbaltensis,tasbaltenses,ADJqua,Case=Nom|Numb=Plur|Deg=Pos
.,qvadrantal,ADJcar,Case=Acc|Numb=Plur
Fortunatianus,fortvnatianvs,NOM2,Case=Nom|Numb=Sing
Cilitanus,cilitanvs,NOM2,Case=Nom|Numb=Sing
.,qvintvs,ADJcar,Case=Acc|Numb=Sing
Honoratus,honoratvs,NOM2,Case=Nom|Numb=Sing
Tiziensis,tizienses,NOM3,Case=Nom|Numb=Sing
.,qvinqvaginta,ADJcar,Case=Acc|Numb=Plur
Bonifatius,bonifativs,NOM2,Case=Nom|Numb=Sing
Foratianensis,foratianenses,ADJqua,Case=Gen|Numb=Sing|Deg=Pos
.,qvadrantal,ADJcar,Case=Acc|Numb=Plur
Seruius,servivs,NOM2,Case=Nom|Numb=Sing
Arsuritanus,arsvritanvs,NOM2,Case=Nom|Numb=Sing|Deg=Pos
.,qvadrantal,ADJcar,Case=Acc|Numb=Sing
Felix,felix,NOM3,Case=Nom|Numb=Sing|Deg=Pos
Forontonianensis,forontonianenses,ADJqua,Case=Nom|Numb=Sing|Deg=Pos
.,qvadrantal,ADJcar,Case=Acc|Numb=Plur
Succensianus,svccensianvs,ADJqua,Case=Nom|Numb=Sing|Deg=Pos
Febianensis,febianensis,ADJqua,Case=Nom|Numb=Sing|Deg=Pos
.,qvadrantal,ADJcar,Case=Acc|Numb=Plur
Iulianus,ivlianvs,NOM2,Case=Nom|Numb=Sing
Vararitanus,vararitanvs,NOM2,Case=Nom|Numb=Sing
.,qvadrantal,ADJcar,Case=Acc|Numb=Sing
Bonifatius,bonifativs,NOM2,Case=Nom|Numb=Sing
Frontonianensis,frontoniansis,ADJqua,Case=Gen|Numb=Sing|Deg=Pos
.,qvinqvaginta,ADJcar,Case=Gen|Numb=Plur
Secundianus,secvndianvs,NOM2,Case=Nom|Numb=Sing|Deg=Pos
Mimianensis,mimianensis,ADJqua,Case=Nom|Numb=Plur
.,qvadrantal,ADJcar,Case=Acc|Numb=Plur
in,in,PRE,MORPH=empty
exil,exsil,NOM3,Numb=Sing
.,qvinqvaginta,ADJcar,Case=Acc|Numb=Plur
Donatus,donatvs,NOM2,Case=Nom|Numb=Sing
Boanensis,boanensis,NOM3,Case=Nom|Numb=Sing
.,qvinqvaginta,ADJcar,Case=Acc|Numb=Plur
Bonifatius,bonifativs,NOM2,Case=Nom|Numb=Sing
Maraguiensis,maragvienses,ADJqua,Case=Gen|Numb=Plur|Deg=Pos
.,qvadrantal,ADJcar,Case=Acc|Numb=Plur
Pirasius,pirasivs,NOM2,Case=Nom|Numb=Sing
Nationensis,nationensis,ADJqua,Case=Acc|Numb=Sing|Deg=Pos
.,qvadrantal,ADJcar,Case=Acc|Numb=Plur
Faustus,favstvs,NOM2,Case=Nom|Numb=Sing
Praesidiensis,praesidienses,ADJqua,Case=Nom|Numb=Sing|Deg=Pos
.,qvadrantal,ADJcar,Case=Gen|Numb=Plur
Rusticus,rvsticvs,NOM2,Case=Nom|Numb=Sing
Tetcitanus,tetcitanvs,NOM2,Case=Nom|Numb=Sing
.,qvintvs,ADJcar,Case=Acc|Numb=Plur
Primianus,primianvs,NOM2,Case=Nom|Numb=Sing|Deg=Pos
Gurgitensis,gvrgitenses,ADJqua,Case=Nom|Numb=Plur|Deg=Pos
.,qvinqvaginta,ADJcar,Case=Acc|Numb=Plur
Bonifatius,bonifativs,NOM2,Case=Nom|Numb=Sing
Filacensis,filacensis,ADJqua,Case=Nom|Numb=Plur|Deg=Pos
.,qvinqvaginta,ADJcar,Case=Gen|Numb=Plur
Honoratus,honoratvs,NOM2,Case=Nom|Numb=Sing
Macrianensis,macrianensis,ADJqua,Case=Nom|Numb=Plur|Deg=Pos
prbt,pro,PRE,MORPH=empty
.,qvintvs,ADJcar,Case=Acc|Numb=Plur
Frumentius,frvmentivs,NOM2,Case=Nom|Numb=Sing
Teleptensis,teleptenses,NOM3,Case=Nom|Numb=Plur
.,qvintvs,ADJcar,Case=Acc|Numb=Plur
Honorius,honorivs,NOM2,Case=Nom|Numb=Sing
Oppennensis,oppennenses,NOM3,Case=Nom|Numb=Sing
.,qvinqvaginta,ADJcar,Case=Acc|Numb=Plur
Fortunatianus,fortvnatianvs,NOM2,Case=Nom|Numb=Sing
Tagarbalensis,tagarbalenses,ADJqua,Case=Nom|Numb=Sing|Deg=Pos
.,qvintvs,ADJcar,Case=Gen|Numb=Plur
Simplicius,simplicivs,NOM2,Case=Nom|Numb=Sing
Carcabianensis,carcabianenses,ADJqua,Case=Nom|Numb=Plur|Deg=Pos
.,qvadrantal,ADJcar,Case=Acc|Numb=Plur
Donatus,donatvs,NOM2,Case=Nom|Numb=Sing
Rufinianensis,rvfinianenses,ADJqua,Case=Nom|Numb=Plur|Deg=Pos
.,qvadrantal,ADJcar,Case=Acc|Numb=Plur
Liberatus,liberatvs,NOM2,Case=Nom|Numb=Sing
Aquarum,aqva,NOM1,Case=Gen|Numb=Plur
Regiarum,regia,NOM1,Case=Gen|Numb=Plur
prbt,pro,PRE,MORPH=empty
.,qvintvs,ADJcar,Case=Acc|Numb=Plur
Victorianus,victorianvs,NOM2,Case=Nom|Numb=Sing
Quaestorianensis,qvaestorianeses,ADJqua,Case=Nom|Numb=Plur|Deg=Pos
.,qvinqvaginta,ADJcar,Case=Acc|Numb=Plur
Rufinianus,rvfinianvs,NOM2,Case=Nom|Numb=Sing
Victorianensis,victorianses,ADJqua,Case=Acc|Numb=Plur
.,qvinqvaginta,ADJcar,Case=Acc|Numb=Plur
Maximus,maximvs,NOM2,Case=Nom|Numb=Sing
Gummitanus,gvmmitanvs,NOM2,Case=Nom|Numb=Sing
.,qvadrantal,ADJcar,Case=Acc|Numb=Sing
Peregrinus,peregrinvs,ADJqua,Case=Nom|Numb=Sing|Deg=Pos
Materianensis,materianenses,NOM3,Case=Nom|Numb=Plur
.,qvadrantal,ADJcar,Case=Acc|Numb=Plur
Fortunatus,fortvnatvs,NOM2,Case=Nom|Numb=Sing
Mozotcoritanus,mozotcoritvs,NOM2,Case=Nom|Numb=Sing
.,qvintvs,ADJcar,Case=Acc|Numb=Sing
Pacatus,pacatvs,NOM2,Case=Nom|Numb=Sing
Vico,vicvs,NOM2,Case=Dat|Numb=Sing
Ateriensis,aterienses,ADJqua,Case=Gen|Numb=Sing|Deg=Pos
.,qvintvs,ADJcar,Case=Gen|Numb=Plur
Proficius,proficivs,NOM2,Case=Nom|Numb=Sing
Sublectinus,svblectinvs,ADJqua,Case=Nom|Numb=Sing|Deg=Pos
.,qvadrantal,ADJcar,Case=Acc|Numb=Sing
Saturus,satvrvs,NOM2,Case=Nom|Numb=Sing
Irensis,irenses,ADJqua,Case=Nom|Numb=Sing|Deg=Pos
.,qvadrantal,ADJcar,Case=Acc|Numb=Plur
Mangentius,mangentivs,NOM2,Case=Nom|Numb=Sing
Ticualtensis,ticvaltensis,ADJqua,Case=Nom|Numb=Plur|Deg=Pos
.,qvintvs,ADJcar,Case=Acc|Numb=Plur
Villaticus,villaticvs,NOM2,Case=Nom|Numb=Sing
Auzegerensis,avzegerenses,ADJqua,Case=Nom|Numb=Sing|Deg=Pos
.,qvintvs,ADJcar,Case=Acc|Numb=Plur
Cresconius,cresconivs,NOM2,Case=Nom|Numb=Sing
Temonianensis,temonianenses,ADJqua,Case=Nom|Numb=Plur|Deg=Pos
prbt,pro,PRE,MORPH=empty
.,qvintvs,ADJcar,Case=Acc|Numb=Plur
Paulus,pavlvs,NOM2,Case=Nom|Numb=Sing
Turre,tvrrvs,NOM2,Case=Voc|Numb=Sing
Blandinus,blandinvs,NOM2,Case=Nom|Numb=Sing
prbt,probte,PRE,MORPH=empty
.,qvintvs,ADJcar,Case=Acc|Numb=Plur
Restitutus,restitvo,NOM2,Case=Nom|Numb=Sing
Segermitanus,segermitanvs,NOM2,Case=Nom|Numb=Sing
in,in,PRE,MORPH=empty
exil,exsil,NOM3,Case=Abl|Numb=Sing
.,qvinqvaginta,ADJcar,Case=Acc|Numb=Plur
Victor,victor,NOM3,Case=Nom|Numb=Sing
Gauuaritanus,gavvaritanvs,NOM2,Case=Nom|Numb=Sing|Deg=Pos
.,qvadrantal,ADJcar,Case=Acc|Numb=Sing
Donatianus,donatianvs,NOM2,Case=Nom|Numb=Sing
Aeliensis,aeliensis,ADJqua,Case=Nom|Numb=Sing|Deg=Pos
.,qvintvs,ADJcar,Case=Gen|Numb=Plur
.Stephanus,sestephanvs,NOM2,Case=Nom|Numb=Sing
Ruspensis,rvspensis,NOM3,Case=Nom|Numb=Sing
.,qvadrantal,ADJcar,Case=Acc|Numb=Plur
Vinitor,vinitor,NOM3,Case=Nom|Numb=Sing
Talaptulensis,talaptvlensis,ADJqua,Case=Nom|Numb=Plur|Deg=Pos
.,qvadrantal,ADJcar,Case=Acc|Numb=Plur
Hortensius,hortensivs,NOM2,Case=Nom|Numb=Sing
Autentensis,avtentensis,NOM3,Case=Nom|Numb=Plur|Deg=Pos
.,qvinqvaginta,ADJcar,Case=Acc|Numb=Plur
Tertullus,tertvllvs,NOM2,Case=Nom|Numb=Sing
Iuncensis,ivncenses,NOM3,Case=Nom|Numb=Sing
.,qvadrantal,ADJcar,Case=Acc|Numb=Plur
Eusebius,evsebivs,NOM2,Case=Nom|Numb=Sing
Iubaltianensis,ivbaltianensis,ADJqua,Case=Acc|Numb=Plur|Deg=Pos
prbt,pro,PRE,MORPH=empty
.,qvintvs,ADJcar,Case=Acc|Numb=Plur
Seruitius,servitivs,NOM2,Case=Nom|Numb=Sing
Vnuricopolitanus,vnvricopolvs,NOM2,Case=Nom|Numb=Sing
.,qvadrantal,ADJcar,Case=Acc|Numb=Sing
Donatus,donatvs,NOM2,Case=Nom|Numb=Sing
Aggaritanus,aggaritanvs,NOM2,Case=Nom|Numb=Sing
.,qvadrantal,ADJcar,Case=Acc|Numb=Sing
Vigilius,vigilivs,NOM2,Case=Nom|Numb=Sing
Tapsitanus,tapsitanvs,NOM2,Case=Nom|Numb=Sing
.,qvadrantal,ADJcar,Case=Acc|Numb=Sing
Sunt,svm,VER,Numb=Plur|Voice=Act|Person=3
numero,nvmervs,NOM2,Case=Abl|Numb=Sing
CVII,octo,ADJcar,Case=Ind
.,qvintvs,ADJcar,Case=Ind|Numb=Plur
Madassuma,madasana,ADJqua,Case=Nom|Numb=Sing
.,qvinqvaginta,ADJcar,Case=Acc|Numb=Plur
Dionisiana,dionisianvs,ADJqua,Case=Nom|Numb=Sing|Deg=Pos
.,qvinqvaginta,ADJcar,Case=Acc|Numb=Plur
Sulianis,sylianvs,NOM2,Case=Dat|Numb=Plur
.,qvinqvaginta,ADJcar,Case=Acc|Numb=Plur
Orrea,orrea,NOM1,Case=Nom|Numb=Sing
Caelia,caelia,NOM1,Case=Nom|Numb=Sing
.,qvinqvaginta,ADJcar,Case=Acc|Numb=Plur
Cunculiana,cvncvlianvs,ADJqua,Case=Nom|Numb=Sing|Deg=Pos
.,qvinqvaginta,ADJcar,Case=Acc|Numb=Plur
Ticibus,tices,NOM3,Case=Dat|Numb=Plur
.,qvinqvaginta,ADJcar,Case=Acc|Numb=Plur
Sunt,svm,VER,Numb=Plur|Tense=Pres|Voice=Act|Person=3
numero,nvmervs,NOM2,Case=Abl|Numb=Sing
u.,vir,NOM2,Case=Nom|Numb=Sing
Glorinus,glorinvs,NOM2,Case=Nom|Numb=Sing|Deg=Pos
Iuncensis,ivncenses,NOM3,Case=Nom|Numb=Sing
.,qvadranta,ADJcar,Case=Acc|Numb=Plur
Tiberianus,tiberianvs,NOM2,Case=Nom|Numb=Sing
Quizensis,qvipensis,NOM3,Case=Gen|Numb=Sing
.,qvintvs,ADJcar,Case=Acc|Numb=Plur
Victor,victor,NOM3,Case=Nom|Numb=Sing
Sufaritanus,svfaritanvs,NOM2,Case=Nom|Numb=Sing
.,qvadrantal,ADJcar,Case=Acc|Numb=Sing
Syrus,syrvs,NOM2,Case=Nom|Numb=Sing
Corniculanensis,cornicvlanenses,ADJqua,Case=Nom|Numb=Plur|Deg=Pos
.,qvadrantal,ADJcar,Case=Acc|Numb=Plur
Lucius,lvcivs,NOM2,Case=Nom|Numb=Sing
Itensis,itenses,NOM3,Case=Nom|Numb=Sing
.,qvadrantal,ADJcar,Case=Acc|Numb=Plur
Honoratus,honoratvs,NOM2,Case=Nom|Numb=Sing
Timicitanus,timicitanvs,NOM2,Case=Nom|Numb=Sing
.,qvadrantal,ADJcar,Case=Acc|Numb=Sing
Donatus,donatvs,NOM2,Case=Nom|Numb=Sing
Nouicensis,novicenses,ADJqua,Case=Nom|Numb=Plur|Deg=Pos
prbt,pro,PRE,MORPH=empty
.,qvintvs,ADJcar,Case=Acc|Numb=Plur
Patera,patera,NOM1,Case=Nom|Numb=Sing
Milianensis,milianenses,ADJqua,Case=Gen|Numb=Sing|Deg=Pos
.,qvinqvaginta,ADJcar,Case=Acc|Numb=Plur
Reparatus,reparatvs,ADJqua,Case=Nom|Numb=Sing|Deg=Pos
Giru,girvs,NOM2,Case=Nom|Numb=Sing
Montensis,montenses,NOM3,Case=Gen|Numb=Sing
.,qvadrantal,ADJcar,Case=Acc|Numb=Plur
Auus,avvs,NOM2,Case=Nom|Numb=Sing
Altabensis,altabensis,ADJqua,Case=Nom|Numb=Sing|Deg=Pos
.,qvadrantal,ADJcar,Case=Gen|Numb=Plur
Donatus,donatvs,NOM2,Case=Nom|Numb=Sing
Panatoriensis,panatorienses,NOM3,Case=Gen|Numb=Sing|Deg=Pos
.,qvinqvaginta,ADJcar,Case=Acc|Numb=Plur
Martialis,martialis,NOM3,Case=Nom|Numb=Sing|Deg=Pos
Columnatensis,colvmnatenses,ADJqua,Case=Nom|Numb=Plur|Deg=Pos
.,vnvs,ADJcar,Case=Acc|Numb=Plur
Subdatius,svbdates,ADV,Deg=Comp
Sucardensis,svcardensis,ADJqua,Case=Nom|Numb=Plur
.,qvadrantal,ADJcar,Case=Acc|Numb=Plur
Subitanus,svbitanvs,ADJqua,Case=Nom|Numb=Sing|Deg=Pos
Idensis,idensis,NOM3,Case=Nom|Numb=Sing|Deg=Pos
prbt,pro,PRE,MORPH=empty
.,qvintvs,ADJcar,Case=Acc|Numb=Plur
Donatus,donatvs,NOM2,Case=Nom|Numb=Sing
Tifiltensis,tifiltenses,NOM3,Case=Nom|Numb=Sing|Deg=Pos
.,qvadrantal,ADJcar,Case=Acc|Numb=Plur
Felicianus,felicianvs,ADJqua,Case=Nom|Numb=Sing|Deg=Pos
Idensis,idensis,ADJqua,Case=Nom|Numb=Sing|Deg=Pos
.,qvadrantal,ADJcar,Case=Gen|Numb=Plur
Onesimus,onesimvs,NOM2,Case=Nom|Numb=Sing
Fidolomensis,fidolomenses,ADJqua,Case=Nom|Numb=Plur|Deg=Pos
.,qvintvs,ADJcar,Case=Gen|Numb=Plur
Victor,victor,NOM3,Case=Nom|Numb=Sing
Taborentensis,taborentenses,NOM1,Case=Dat|Numb=Plur
.,qvadrantal,ADJcar,Case=Acc|Numb=Plur
Verecundus,verecvndvs,NOM2,Case=Nom|Numb=Sing
Nouensis,novenses,ADJqua,Case=Nom|Numb=Sing|Deg=Pos
.,qvadrantal,ADJcar,Case=Acc|Numb=Plur
Stephanus,stephanvs,NOM2,Case=Nom|Numb=Sing
Zucabaritanus,zvcabaritanvs,NOM2,Case=Nom|Numb=Sing
.,qvadrantal,ADJcar,Case=Acc|Numb=Plur
Apocorius,apocorivs,NOM2,Case=Nom|Numb=Sing
Caesariensis,caesariensis,NOM3,Case=Nom|Numb=Plur
.,qvintvs,ADJcar,Case=Acc|Numb=Plur
Felix,felix,NOM3,Case=Nom|Numb=Sing|Deg=Pos
Rusubiritanus,rvsvbiritanvs,ADJqua,Case=Nom|Numb=Sing|Deg=Pos
.,qvadrantal,ADJcar,Case=Acc|Numb=Sing
Donatus,donatvs,NOM2,Case=Nom|Numb=Sing
Subbaritanus,svbbaritanvs,NOM2,Case=Nom|Numb=Sing
.,qvadrantal,ADJcar,Case=Acc|Numb=Sing
Ianuarius,ianvarivs,ADJqua,Case=Nom|Numb=Sing|Deg=Pos
Aquensis,aqvenses,NOM3,Case=Nom|Numb=Plur
.,qvadrantal,ADJcar,Case=Acc|Numb=Plur
Martianus,martianvs,NOM2,Case=Nom|Numb=Sing
Murus,mvrvs,NOM2,Case=Nom|Numb=Sing
Tagensis,tagensis,ADJqua,Case=Nom|Numb=Sing
prbt,pro,PRE,MORPH=empty
.,qvintvs,ADJcar,Case=Acc|Numb=Plur
Claudius,clavdivs,NOM2,Case=Nom|Numb=Sing
Vagalitanus,vagalitanvs,NOM2,Case=Nom|Numb=Sing
.,qvinqvaginta,ADJcar,Case=Acc|Numb=Sing
Passitanus,passitanvs,NOM2,Case=Nom|Numb=Sing
Tigisitanus,tigisitanvs,NOM2,Case=Nom|Numb=Sing
.,qvintvs,ADJcar,Case=Acc|Numb=Sing
Salo,salvs,NOM2,Case=Abl|Numb=Sing
Fallabensis,fallabensis,ADJqua,Case=Gen|Numb=Plur|Deg=Pos
.,qvadrantal,ADJcar,Case=Acc|Numb=Plur
Donatianus,donatianvs,NOM2,Case=Nom|Numb=Sing
Vsinadensis,vsinadenses,NOM3,Case=Acc|Numb=Plur|Deg=Pos
.,qvinqvaginta,ADJcar,Case=Acc|Numb=Plur
Paulus,pavlvs,NOM2,Case=Nom|Numb=Sing
Flumen,flvmen,NOM7,Case=Acc|Numb=Sing
Zeritanus,zeritanvs,NOM2,Case=Nom|Numb=Sing
.,qvadrantal,ADJcar,Case=Acc|Numb=Sing
Nicetius,nicetivs,NOM2,Case=Nom|Numb=Sing
Castello,castellvs,NOM2,Case=Dat|Numb=Sing
Minoritanus,minoritanvs,NOM2,Case=Nom|Numb=Sing
.,qvadrantal,ADJcar,Case=Acc|Numb=Plur
Restitutus,restitvo,NOM2,Case=Nom|Numb=Sing
Florianensis,florianensis,ADJqua,Case=Nom|Numb=Sing|Deg=Pos
.,qvinqvaginta,ADJcar,Case=Acc|Numb=Plur
Mensius,mensivs,NOM2,Case=Nom|Numb=Sing
Ala,ala,NOM1,Case=Abl|Numb=Sing
Miliarensis,miliarensis,ADJqua,Case=Acc|Numb=Sing|Deg=Pos
.,qvinqvaginta,ADJcar,Case=Gen|Numb=Plur
Maxentius,maxentivs,NOM2,Case=Nom|Numb=Sing
Tigamibenensis,tigamibensis,ADJqua,Case=Nom|Numb=Sing|Deg=Pos
prbt,pro,PRE,MORPH=empty
.,qvintvs,ADJcar,Case=Acc|Numb=Plur
Vrbanus,vrbanvs,NOM2,Case=Nom|Numb=Sing|Deg=Pos
Amaurensis,amavrensis,ADJqua,Case=Nom|Numb=Sing|Deg=Pos
prbt,pro,PRE,MORPH=empty
.,qvintvs,ADJcar,Case=Acc|Numb=Plur
Crescens,crescens,NOM3,Case=Nom|Numb=Sing
Sestensis,sestenses,NOM3,Case=Nom|Numb=Sing
prbt,pro,PRE,MORPH=empty
.,qvintvs,ADJcar,Case=Acc|Numb=Plur
Donatus,donatvs,NOM2,Case=Nom|Numb=Sing
Ternamusensis,ternamvs,ADJqua,Case=Nom|Numb=Plur|Deg=Pos
.,qvinqvaginta,ADJcar,Case=Acc|Numb=Plur
Fortis,fortis,NOM3,Case=Nom|Numb=Sing
Caput,capvt,NOM3,Case=Nom|Numb=Sing
Cillensis,cillenses,ADJqua,Case=Nom|Numb=Sing|Deg=Pos
.,qvadrantal,ADJcar,Case=Gen|Numb=Plur
Ianuarius,ianvarivs,ADJqua,Case=Nom|Numb=Sing|Deg=Pos
Nasbincensis,nasbincensis,NOM3,Case=Nom|Numb=Sing
prbt,pro,PRE,MORPH=empty
.,qvintvs,ADJcar,Case=Acc|Numb=Plur
Palladius,palladivs,NOM2,Case=Nom|Numb=Sing
Bacanariensis,bacanarienses,ADJqua,Case=Nom|Numb=Plur|Deg=Pos
.,qvadrantal,ADJcar,Case=Acc|Numb=Plur
Valens,valens,NOM3,Case=Nom|Numb=Sing
Villae,villa,NOM1,Case=Gen|Numb=Sing
Nouensis,novensis,ADJqua,Case=Nom|Numb=Sing|Deg=Pos
.,qvadrantal,ADJcar,Case=Gen|Numb=Plur
Passinatus,passinatvs,NOM2,Case=Nom|Numb=Sing
Masuccabensis,masvccabenses,NOM3,Case=Nom|Numb=Sing
prbt,pro,PRE,MORPH=empty
.,qvintvs,ADJcar,Case=Acc|Numb=Plur
Longinus,longinvs,NOM2,Case=Nom|Numb=Sing
Pamariensis,pamariensis,NOM3,Case=Nom|Numb=Plur|Deg=Pos
.,qvinqvaginta,ADJcar,Case=Gen|Numb=Plur
Honorius,honorivs,NOM2,Case=Nom|Numb=Sing
Benepotensis,benepotenses,ADJqua,Case=Nom|Numb=Plur|Deg=Pos
.,qvintvs,ADJcar,Case=Acc|Numb=Plur
Burco,bvrcvs,NOM2,Case=Dat|Numb=Sing
Vardimissensis,vardimissanses,NOM3,Case=Dat|Numb=Plur
prbt,pro,PRE,MORPH=empty
.,qvintvs,ADJcar,Case=Acc|Numb=Plur
Felix,felix,NOM3,Case=Nom|Numb=Sing|Deg=Pos
Ambiensis,ambienses,ADJqua,Case=Nom|Numb=Sing|Deg=Pos
.,qvadrantal,ADJcar,Case=Gen|Numb=Plur
Emilius,emilivs,NOM2,Case=Nom|Numb=Sing
Mediensis,medienses,NOM3,Case=Gen|Numb=Sing
.,qvadrantal,ADJcar,Case=Acc|Numb=Plur
Arator,arator,NOM3,Case=Nom|Numb=Sing
Catulensis,catvlensis,ADJqua,Case=Gen|Numb=Sing|Deg=Pos
.,qvadrantal,ADJcar,Case=Gen|Numb=Plur
Caecilius,caecilivs,NOM2,Case=Nom|Numb=Sing
Minnensis,minnenses,ADJqua,Case=Nom|Numb=Sing|Deg=Pos
.,qvadrantal,ADJcar,Case=Acc|Numb=Plur
Lucidus,lvcidvs,NOM2,Case=Nom|Numb=Sing
Cartennitanus,cartennitanvs,ADJqua,Case=Nom|Numb=Sing|Deg=Pos
.,qvadrantal,ADJcar,Case=Acc|Numb=Sing
Victor,victor,NOM3,Case=Nom|Numb=Sing
Regiensis,regiens,ADJqua,Case=Nom|Numb=Sing|Deg=Pos
.,qvadrantal,ADJcar,Case=Acc|Numb=Plur
Rogatianus,rogatianvs,ADJqua,Case=Nom|Numb=Sing|Deg=Pos
Vannidensis,vannidensis,NOM3,Case=Nom|Numb=Sing|Deg=Pos
prbt,pro,PRE,MORPH=empty
.,qvintvs,ADJcar,Case=Acc|Numb=Plur
Primus,primvs,NOM2,Case=Nom|Numb=Sing
Caprensis,caprenses,NOM3,Case=Nom|Numb=Sing|Deg=Pos
.,qvinqvaginta,ADJcar,Case=Gen|Numb=Plur
Metcu,metcvs,NOM2,Case=Abl|Numb=Sing
-ne,ne,CONsub,MORPH=empty
Rusuccuritanus,rvsvccvritanvs,NOM2,Case=Nom|Numb=Sing
.,vnvs,ADJcar,Case=Acc|Numb=Sing
Rufus,rvfvs,NOM2,Case=Nom|Numb=Sing
Sfasferiensis,sfasferiensis,NOM3,Case=Nom|Numb=Plur|Deg=Pos
.,qvadrantal,ADJcar,Case=Acc|Numb=Plur
Eusebius,evsebivs,NOM2,Case=Nom|Numb=Sing
Obbitanus,obbitanvs,NOM2,Case=Nom|Numb=Sing|Deg=Pos
.,qvadrantal,ADJcar,Case=Acc|Numb=Sing
Securus,secvrvs,NOM2,Case=Nom|Numb=Sing
Timidanensis,timidanenses,NOM3,Case=Nom|Numb=Plur|Deg=Pos
.,qvinqvaginta,ADJcar,Case=Acc|Numb=Plur
Donatus,donatvs,NOM2,Case=Nom|Numb=Sing
Frontensis,frontensis,ADJqua,Case=Gen|Numb=Sing|Deg=Pos
.,qvinqvaginta,ADJcar,Case=Acc|Numb=Plur
Victor,victor,NOM3,Case=Nom|Numb=Sing
Icositanus,icositanvs,ADJqua,Case=Nom|Numb=Sing|Deg=Pos
.,qvadrantal,ADJcar,Case=Acc|Numb=Sing
Quoduultdeus,qvodvoltevs,NOM2,Case=Nom|Numb=Sing
Tablensis,tablenses,NOM3,Case=Nom|Numb=Sing|Deg=Pos
prbt,probte,PRE,MORPH=empty
.,qvintvs,ADJcar,Case=Acc|Numb=Plur
Restitutus,restitvo,NOM2,Case=Nom|Numb=Sing
Lapidiensis,lapidienses,NOM3,Case=Nom|Numb=Sing|Deg=Pos
prbt,pro,PRE,MORPH=empty
.,qvintvs,ADJcar,Case=Acc|Numb=Plur
Donatus,donatvs,NOM2,Case=Nom|Numb=Sing
Voncariensis,voncariensis,ADJqua,Case=Acc|Numb=Plur|Deg=Pos
.,qvadrantal,ADJcar,Case=Acc|Numb=Plur
Bonifatius,bonifativs,NOM2,Case=Nom|Numb=Sing
Rusguniensis,rvsgvniensis,ADJqua,Case=Nom|Numb=Plur|Deg=Pos
.,qvadrantal,ADJcar,Case=Acc|Numb=Plur
Venantius,venantivs,NOM2,Case=Nom|Numb=Sing
Oppido,oppidvs,NOM2,Case=Dat|Numb=Sing
Nouensis,novensis,ADJqua,Case=Nom|Numb=Sing|Deg=Pos
prbt,pro,PRE,MORPH=empty
.,qvintvs,ADJcar,Case=Acc|Numb=Plur
Mattasius,mattasivs,NOM2,Case=Nom|Numb=Sing
Castelli,castellvs,NOM2,Case=Gen|Numb=Sing
Abaritanus,abaritanvs,NOM2,Case=Nom|Numb=Sing
.,qvadrantal,ADJcar,Case=Acc|Numb=Plur
Felix,felix,NOM3,Case=Nom|Numb=Sing|Deg=Pos
Aquis,aqva,NOM1,Case=Nom|Numb=Plur
Sirensis,sirenses,ADJqua,Case=Nom|Numb=Sing|Deg=Pos
.,qvadranta,ADJcar,Case=Gen|Numb=Plur
Victor,victor,NOM3,Case=Nom|Numb=Sing
Caltadriensis,caltadrienses,ADJqua,Case=Nom|Numb=Plur|Deg=Pos
prbt,pro,PRE,MORPH=empty
.,qvintvs,ADJcar,Case=Acc|Numb=Plur
Crescens,crescens,NOM3,Case=Nom|Numb=Sing
Tigauitanus,tigavitanvs,NOM2,Case=Nom|Numb=Sing
.,qvadrantal,ADJcar,Case=Acc|Numb=Sing
Idonius,idonivs,NOM2,Case=Nom|Numb=Sing
Busaditanus,bvsaditanvs,NOM2,Case=Nom|Numb=Sing
.,qvadrantal,ADJcar,Case=Acc|Numb=Sing
Gellianus,gellianvs,ADJqua,Case=Nom|Numb=Sing|Deg=Pos
Reperitanus,reperitanvs,ADJqua,Case=Nom|Numb=Sing|Deg=Pos
.,qvintvs,ADJcar,Case=Acc|Numb=Sing
Ingenuus,ingenvvs,NOM2,Case=Nom|Numb=Sing|Deg=Pos
Vbadensis,vbadensis,ADJqua,Case=Nom|Numb=Sing|Deg=Pos
.,qvintvs,ADJcar,Case=Gen|Numb=Plur
Petrus,petrvs,NOM2,Case=Nom|Numb=Sing
Oboritanus,oboritanvs,ADJqua,Case=Nom|Numb=Sing|Deg=Pos
.,qvadrantal,ADJcar,Case=Acc|Numb=Sing
Faustus,favstvs,NOM2,Case=Nom|Numb=Sing
Castra,castra,NOM2,Case=Acc|Numb=Plur
Seuerianensis,severiansis,NOM3,Case=Gen|Numb=Plur
.,qvadrantae,ADJcar,Case=Acc|Numb=Plur
Vitalis,vitalis,NOM3,Case=Nom|Numb=Sing
Castra,castra,NOM2,Case=Acc|Numb=Plur
Nouensis,novensis,ADJqua,Case=Nom|Numb=Sing|Deg=Pos
.,qvadrantal,ADJcar,Case=Acc|Numb=Plur
Petrus,petrvs,NOM2,Case=Nom|Numb=Sing
Castellanus,castellanvs,NOM2,Case=Nom|Numb=Sing
prbt,probte,PRE,MORPH=empty
.,qvintvs,ADJcar,Case=Acc|Numb=Plur
Quintasius,qvintasivs,NOM2,Case=Nom|Numb=Sing
Mutecitanus,mvtecitanvs,NOM2,Case=Nom|Numb=Sing
.,qvadrantal,ADJcar,Case=Acc|Numb=Sing
Paulinus,pavlinvs,NOM2,Case=Nom|Numb=Sing
Rubicariensis,rvbicarienses,ADJqua,Case=Nom|Numb=Plur
.,qvadrantal,ADJcar,Case=Acc|Numb=Plur
Pascasius,pascasivs,NOM2,Case=Nom|Numb=Sing
Mammillensis,mammillensis,ADJqua,Case=Nom|Numb=Plur|Deg=Pos
.,qvadrantal,ADJcar,Case=Acc|Numb=Plur
Tacanus,tacanvs,NOM2,Case=Nom|Numb=Sing
Albulensis,albvlensis,ADJqua,Case=Nom|Numb=Plur|Deg=Pos
.,qvadrantal,ADJcar,Case=Acc|Numb=Plur
Emptacius,emptacivs,NOM2,Case=Nom|Numb=Sing
Siccesitanus,siccesitanvs,NOM2,Case=Nom|Numb=Sing
.,qvadrantal,ADJcar,Case=Acc|Numb=Sing
Talasius,talasivs,NOM2,Case=Nom|Numb=Sing
Gratianopolitanus,gratianopolitanvs,ADJqua,Case=Nom|Numb=Sing|Deg=Pos
.,qvadrantal,ADJcar,Case=Acc|Numb=Sing
Victor,victor,NOM3,Case=Nom|Numb=Sing
Manaccenseritanus,manaccenservs,ADJqua,Case=Nom|Numb=Sing|Deg=Pos
prbt,probte,PRE,MORPH=empty
.,qvintvs,ADJcar,Case=Acc|Numb=Plur
Pannonius,pannonivs,NOM2,Case=Nom|Numb=Sing
Bitensis,bitenses,NOM3,Case=Nom|Numb=Sing
.,qvintvs,ADJcar,Case=Acc|Numb=Plur
Felix,felix,NOM3,Case=Nom|Numb=Sing|Deg=Pos
Flenucletensis,flenvcletensis,ADJqua,Case=Nom|Numb=Sing|Deg=Pos
prbt,pro,PRE,MORPH=empty
.,qvintvs,ADJcar,Case=Acc|Numb=Plur
Campanus,campanvs,ADJqua,Case=Nom|Numb=Sing|Deg=Pos
Bidensis,bidenses,NOM3,Case=Nom|Numb=Sing
.,qvadrantal,ADJcar,Case=Acc|Numb=Plur
Valentinus,valentinvs,NOM2,Case=Nom|Numb=Sing
Castelli,castellvs,NOM2,Case=Gen|Numb=Sing
Mediani,medianvs,NOM2,Case=Gen|Numb=Sing
.,qvintvs,ADJcar,Case=Gen|Numb=Plur
Romanus,romanvs,ADJqua,Case=Nom|Numb=Sing|Deg=Pos
Sufaritanus,svfaritanvs,NOM2,Case=Nom|Numb=Sing
.,qvintvs,ADJcar,Case=Acc|Numb=Sing
Secundus,secvndvs,NOM2,Case=Nom|Numb=Sing
Maurianensis,mavrianensis,ADJqua,Case=Nom|Numb=Plur|Deg=Pos
.,qvadrantal,ADJcar,Case=Acc|Numb=Plur
Reparatus,reparatvs,NOM2,Case=Nom|Numb=Sing
Vulturiensis,vvltvriensis,NOM3,Case=Nom|Numb=Sing
.,qvinqvaginta,ADJcar,Case=Acc|Numb=Plur
Lucius,lvcivs,NOM2,Case=Nom|Numb=Sing
Maturbensis,matvrbenses,ADJqua,Case=Nom|Numb=Plur|Deg=Pos
prbt,pro,PRE,MORPH=empty
.,qvintvs,ADJcar,Case=Acc|Numb=Plur
Caecilius,caecilivs,NOM2,Case=Nom|Numb=Sing
Balianensis,balianensis,ADJqua,Case=Acc|Numb=Plur|Deg=Pos
.,qvadrantal,ADJcar,Case=Acc|Numb=Plur
Rogatus,rogatvs,NOM2,Case=Nom|Numb=Sing
Sereddelitanus,seredelitanvs,ADJqua,Case=Nom|Numb=Sing|Deg=Pos
.,qvintvs,ADJcar,Case=Acc|Numb=Sing
Mingi,mingivs,NOM2,Case=Gen|Numb=Sing
-ne,one,CONsub,MORPH=empty
Nouensis,novenses,ADJqua,Case=Nom|Numb=Sing|Deg=Pos
prbt,pro,PRE,MORPH=empty
.,qvintvs,ADJcar,Case=Acc|Numb=Plur
Reparatus,reparatvs,NOM2,Case=Nom|Numb=Sing|Deg=Pos
Castelli,castellvs,NOM2,Case=Gen|Numb=Sing
Tatroportensis,tatroportenses,ADJqua,Case=Nom|Numb=Sing|Deg=Pos
.,qvinqvaginta,ADJcar,Case=Gen|Numb=Plur
Filo,filvs,NOM2,Case=Abl|Numb=Sing
Arsinnaritanus,arsinnaritvs,NOM2,Case=Nom|Numb=Sing
.,qvadrantal,ADJcar,Case=Acc|Numb=Sing
Bassinus,bassinvs,NOM2,Case=Nom|Numb=Sing
Elefantariensis,elefantrarienses,NOM3,Case=Nom|Numb=Sing
prbt,pro,PRE,MORPH=empty
.,qvintvs,ADJcar,Case=Acc|Numb=Plur
Patera,patera,NOM1,Case=Nom|Numb=Sing
Catabitanus,catabitanvs,NOM2,Case=Nom|Numb=Sing|Deg=Pos
.,qvadrantal,ADJcar,Case=Acc|Numb=Sing
Vincemalos,vincemalvs,NOM2,Case=Acc|Numb=Plur
Baparensis,baparensis,NOM3,Case=Gen|Numb=Plur|Deg=Pos
.,qvadrantal,ADJcar,Case=Acc|Numb=Plur
Reparatus,reparatvs,NOM2,Case=Nom|Numb=Sing
Tipasitanus,tipasitanvs,NOM2,Case=Nom|Numb=Sing
prbt,probte,PRE,MORPH=empty
.,qvintvs,ADJcar,Case=Acc|Numb=Plur
Romanus,romanvs,ADJqua,Case=Nom|Numb=Sing|Deg=Pos
Tamadensis,tamadensis,NOM3,Case=Nom|Numb=Sing|Deg=Pos
prbt,pro,PRE,MORPH=empty
.,qvintvs,ADJcar,Case=Acc|Numb=Plur
Victor,victor,NOM3,Case=Nom|Numb=Sing
Voncarianensis,voncarianensis,ADJqua,Case=Nom|Numb=Plur|Deg=Pos
.,qvadranta,ADJcar,Case=Acc|Numb=Plur
Maddanius,maddanivs,NOM2,Case=Nom|Numb=Sing
Murconensis,mvrconensis,NOM3,Case=Acc|Numb=Sing|Deg=Pos
.,qvadrantal,ADJcar,Case=Acc|Numb=Plur
Crispinus,crispinvs,NOM2,Case=Nom|Numb=Sing
Tabadcarensis,tabadcarenses,NOM3,Case=Nom|Numb=Plur
.,qvadrantal,ADJcar,Case=Acc|Numb=Plur
Quoduultdeus,qvodvoltevs,NOM2,Case=Nom|Numb=Sing
Subbulensis,svbbvlensis,ADJqua,Case=Nom|Numb=Plur|Deg=Pos
prbt,probte,PRE,MORPH=empty
.,qvintvs,ADJcar,Case=Acc|Numb=Plur
Dauid,davivs,NOM3,Case=Nom|Numb=Sing
Tadamatensis,tadamatenses,NOM3,Case=Nom|Numb=Sing
.,qvinqvaginta,ADJcar,Case=Acc|Numb=Plur
Candidianus,candidianvs,NOM2,Case=Nom|Numb=Sing
Catrensis,catrenses,NOM3,Case=Nom|Numb=Sing
prbt,pro,PRE,MORPH=empty
.,qvintvs,ADJcar,Case=Acc|Numb=Plur
Reparatus,reparatvs,NOM2,Case=Nom|Numb=Sing|Deg=Pos
Cissitanus,cissitanvs,NOM2,Case=Nom|Numb=Sing
.,qvintvs,ADJcar,Case=Acc|Numb=Plur
Poequarius,poeqvarivs,NOM2,Case=Nom|Numb=Sing
Tasaccurensis,tasaccvrenses,ADJqua,Case=Nom|Numb=Plur|Deg=Pos
prbt,pro,PRE,MORPH=empty
.,qvintvs,ADJcar,Case=Acc|Numb=Plur
Quintus,qvintvs,NOM2,Case=Nom|Numb=Sing
Tabuniensis,tabvniensis,ADJqua,Case=Nom|Numb=Plur|Deg=Pos
prbt,pro,PRE,MORPH=empty
.,qvintvs,ADJcar,Case=Acc|Numb=Plur
Maximus,maximvs,NOM2,Case=Nom|Numb=Sing
Tuscamiensis,tvscamiensis,NOM3,Case=Acc|Numb=Plur|Deg=Pos
.,qvintvs,ADJcar,Case=Acc|Numb=Plur
Auxilius,avxilivs,NOM2,Case=Nom|Numb=Sing
Gunugitanus,gvnvgitanvs,NOM2,Case=Nom|Numb=Sing
prbt,probte,PRE,MORPH=empty
.,qvintvs,ADJcar,Case=Acc|Numb=Plur
Reparatus,reparatvs,NOM2,Case=Nom|Numb=Sing
Sitensis,sitenses,NOM3,Case=Nom|Numb=Sing
.,qvadrantal,ADJcar,Case=Acc|Numb=Plur
Saturninus,satvrninvs,NOM2,Case=Nom|Numb=Sing
Vissalsensis,vissalsenses,NOM3,Case=Nom|Numb=Plur
prbt,pro,PRE,MORPH=empty
.,qvintvs,ADJcar,Case=Acc|Numb=Plur
Felix,felix,NOM3,Case=Nom|Numb=Sing|Deg=Pos
Maxitensis,maxitenses,NOM3,Case=Nom|Numb=Plur
prbt,pro,PRE,MORPH=empty
.,qvintvs,ADJcar,Case=Acc|Numb=Plur
Gaius,gaivs,NOM2,Case=Nom|Numb=Sing
Adsinnadensis,assinnadenses,NOM3,Case=Nom|Numb=Plur|Deg=Pos
prbt,pro,PRE,MORPH=empty
.,qvintvs,ADJcar,Case=Acc|Numb=Plur
Crescens,crescens,NOM3,Case=Nom|Numb=Sing
Satafensis,satafenses,NOM3,Case=Nom|Numb=Plur|Deg=Pos
prbt,pro,PRE,MORPH=empty
.,qvintvs,ADJcar,Case=Acc|Numb=Plur
Saturninus,satvrninvs,NOM2,Case=Nom|Numb=Sing
Sertensis,sertenses,NOM3,Case=Nom|Numb=Sing
prbt,pro,PRE,MORPH=empty
.,qvintvs,ADJcar,Case=Acc|Numb=Plur
Victor,victor,NOM3,Case=Nom|Numb=Sing
Numidensis,nvmidenses,NOM3,Case=Nom|Numb=Sing
prbt,pro,PRE,MORPH=empty
.,qvintvs,ADJcar,Case=Acc|Numb=Plur
Cerealis,cerealis,NOM3,Case=Nom|Numb=Sing|Deg=Pos
Castello,castellvs,NOM2,Case=Dat|Numb=Sing
Bipensis.Lucius,bipensis,NOM2,Case=Nom|Numb=Sing
Tamazucensis,tamazvcenses,NOM3,Case=Nom|Numb=Plur
.,qvadrantal,ADJcar,Case=Acc|Numb=Plur
Sunt,svm,VER,Numb=Plur|Tense=Pres|Voice=Act|Person=3
N.,nvmerivs,NOM2,Case=Nom|Numb=Sing
cxx,cxxis,NOM3,Case=Nom|Numb=Sing
.,qvadrantal,ADJcar,Case=Ind|Numb=Sing
et,et,CONcoo,MORPH=empty
cathedrae,cathedra,NOM1,Case=Nom|Numb=Plur
quae,qvi,PROrel,Case=Nom|Numb=Plur
episcopos,episcopvs,NOM7,Case=Acc|Numb=Plur
non,non,ADVneg,MORPH=empty
habuerunt,habeo,VER,Numb=Plur|Mood=Ind|Tense=Perf|Voice=Act|Person=3
.,qvadrantal,ADJcar,Case=Acc|Numb=Plur
Maiucensis,maivcenses,ADJqua,Case=Nom|Numb=Plur|Deg=Pos
.,qvinqvaginta,ADJcar,Case=Acc|Numb=Plur
Maiucensis,maivcenses,ADJqua,Case=Nom|Numb=Plur|Deg=Pos
.,qvinqvaginta,ADJcar,Case=Acc|Numb=Plur
Nabalensis,nabalenses,NOM3,Case=Gen|Numb=Sing
.,qvinqvaginta,ADJcar,Case=Gen|Numb=Plur
Tingariensis,tingarienses,ADJqua,Case=Nom|Numb=Plur|Deg=Pos
.,qvinqvaginta,ADJcar,Case=Acc|Numb=Plur
Tubunensis,tvbvnensis,ADJqua,Case=Nom|Numb=Plur|Deg=Pos
.,qvinqvaginta,ADJcar,Case=Acc|Numb=Plur
Oboritanus,oboritanvs,ADJqua,Case=Nom|Numb=Sing|Deg=Pos
.,vnvs,ADJcar,Case=Acc|Numb=Sing
N.,nvmerivs,NOM2,Case=Nom|Numb=Sing
m.,manivs,NOM2,Case=Nom|Numb=Sing
Rufinus,rvfinvs,NOM2,Case=Nom|Numb=Sing
Tamallumensis,tamallvmenses,NOM3,Case=Nom|Numb=Plur
.,qvintvs,ADJcar,Case=Acc|Numb=Plur
Donatus,donatvs,NOM2,Case=Nom|Numb=Sing
Sitifensis,sitifensis,ADJqua,Case=Nom|Numb=Plur|Deg=Pos
.,qvadrantal,ADJcar,Case=Acc|Numb=Plur
Maximus,maximvs,NOM2,Case=Nom|Numb=Sing
Cobiensis,cobiensis,NOM3,Case=Nom|Numb=Sing|Deg=Pos
.,qvintvs,ADJcar,Case=Acc|Numb=Plur
Domitianus,domitianvs,NOM2,Case=Nom|Numb=Sing
Igilgitanus,igilgitanvs,NOM2,Case=Nom|Numb=Sing
.,qvintvs,ADJcar,Case=Acc|Numb=Sing
Honorius,honorivs,NOM2,Case=Nom|Numb=Sing
Aquae,aqva,NOM1,Case=Gen|Numb=Sing
Albensis,albenses,ADJqua,Case=Gen|Numb=Plur|Deg=Pos
.,qvintvs,ADJcar,Case=Gen|Numb=Plur
Festus,festvs,NOM2,Case=Nom|Numb=Sing
Satafensis,satafensis,NOM3,Case=Nom|Numb=Plur
.,qvadrantal,ADJcar,Case=Acc|Numb=Plur
Victor,victor,NOM3,Case=Nom|Numb=Sing
Horrensis,horrensis,NOM3,Case=Nom|Numb=Sing|Deg=Pos
.,qvadrantal,ADJcar,Case=Acc|Numb=Plur
Maximus,maximvs,NOM2,Case=Nom|Numb=Sing
Thubusubditanus,thvbvsvbditanvs,ADJqua,Case=Nom|Numb=Sing|Deg=Pos
.,qvadrantal,ADJcar,Case=Acc|Numb=Sing
Victor,victor,NOM3,Case=Nom|Numb=Sing
Ierafitanus,ierafitanvs,NOM2,Case=Nom|Numb=Sing|Deg=Pos
.,qvadrantal,ADJcar,Case=Acc|Numb=Sing
Vadius,vadivs,NOM2,Case=Nom|Numb=Sing
Lesbitanus,lesbitanvs,NOM2,Case=Nom|Numb=Sing
.,qvadrantal,ADJcar,Case=Acc|Numb=Sing
Pacatus,pacatvs,NOM2,Case=Nom|Numb=Sing
Equizotensis,eqvizotenses,ADJqua,Case=Nom|Numb=Sing|Deg=Pos
.,qvinqvaginta,ADJcar,Case=Acc|Numb=Plur
Felix,felix,NOM3,Case=Nom|Numb=Sing
Castellanus,castellanvs,NOM2,Case=Nom|Numb=Sing
prbt,probte,PRE,MORPH=empty
.,qvintvs,ADJcar,Case=Acc|Numb=Plur
Constantius,constantivs,NOM2,Case=Nom|Numb=Sing
Gegitanus,gegitanvs,NOM2,Case=Nom|Numb=Sing
.,qvadrantal,ADJcar,Case=Acc|Numb=Sing
Victor,victor,NOM3,Case=Nom|Numb=Sing
Eminentianensis,eminentianenses,ADJqua,Case=Nom|Numb=Plur|Deg=Pos
.,qvadrantal,ADJcar,Case=Acc|Numb=Plur
Saturnius,satvrnivs,NOM2,Case=Nom|Numb=Sing
Sociensis,sociensis,NOM3,Case=Nom|Numb=Sing
prbt,pro,PRE,MORPH=empty
.,qvintvs,ADJcar,Case=Acc|Numb=Plur
Iacobus,iacobvs,NOM2,Case=Nom|Numb=Sing
Lemellefensis,lemellefenses,ADJqua,Case=Acc|Numb=Plur|Deg=Pos
.,qvintvs,ADJcar,Case=Acc|Numb=Plur
Cresciturus,crescitvrvs,NOM2,Case=Nom|Numb=Sing
Cellensis,cellensis,ADJqua,Case=Nom|Numb=Sing|Deg=Pos
prbt,pro,PRE,MORPH=empty
.,qvintvs,ADJcar,Case=Acc|Numb=Plur
Emeritus,emeritvs,NOM2,Case=Nom|Numb=Sing
Macrensis,macrenses,NOM3,Case=Nom|Numb=Sing|Deg=Pos
prbt,pro,PRE,MORPH=empty
.,qvintvs,ADJcar,Case=Acc|Numb=Plur
Redux,redvx,NOM3,Case=Nom|Numb=Sing
Noua,nova,NOM1,Case=Nom|Numb=Sing
Licianensis,licianensis,ADJqua,Case=Nom|Numb=Sing|Deg=Pos
.,qvadrantal,ADJcar,Case=Gen|Numb=Plur
Argentius,argentivs,NOM2,Case=Nom|Numb=Sing
Zallatensis,zallatenses,ADJqua,Case=Nom|Numb=Sing|Deg=Pos
.,qvadrantal,ADJcar,Case=Acc|Numb=Plur
Vindemius,vindemivs,NOM2,Case=Nom|Numb=Sing
Lemfoctensis,lemtoctenses,ADJqua,Case=Nom|Numb=Plur|Deg=Pos
.,qvadrantal,ADJcar,Case=Acc|Numb=Plur
Auus,avvs,NOM2,Case=Nom|Numb=Sing
Ficensis,ficensis,NOM3,Case=Nom|Numb=Sing|Deg=Pos
.,qvadrantal,ADJcar,Case=Gen|Numb=Plur
Restitutus,restitvo,NOM2,Case=Nom|Numb=Sing
Macrianensis,macrianensis,ADJqua,Case=Nom|Numb=Plur|Deg=Pos
prbt,pro,PRE,MORPH=empty
.,qvintvs,ADJcar,Case=Acc|Numb=Plur
Vit,vit,VER,Numb=Sing
alis,ala,NOM1,Case=Abl|Numb=Plur
Assafensis,assafensis,ADJqua,Case=Nom|Numb=Sing|Deg=Pos
.,qvadrantal,ADJcar,Case=Gen|Numb=Plur
Victor,victor,NOM3,Case=Nom|Numb=Sing
Flumen,flvmen,NOM7,Case=Acc|Numb=Sing
Piscensis,piscenses,NOM3,Case=Nom|Numb=Plur|Deg=Pos
.,qvadrantal,ADJcar,Case=Acc|Numb=Plur
Inuentinus,inventinvs,NOM2,Case=Nom|Numb=Sing
Maronanensis,maronanenses,ADJqua,Case=Nom|Numb=Sing|Deg=Pos
.,qvinqvaginta,ADJcar,Case=Acc|Numb=Plur
Romanus,romanvs,ADJqua,Case=Nom|Numb=Sing|Deg=Pos
Molicunzensis,molicvnzenses,ADJqua,Case=Nom|Numb=Plur|Deg=Pos
.,qvinqvaginta,ADJcar,Case=Acc|Numb=Plur
Victorinus,victorinvs,NOM2,Case=Nom|Numb=Sing
Serteitanus,serteitanvs,NOM2,Case=Nom|Numb=Sing
prbt,pro,PRE,MORPH=empty
.,qvintvs,ADJcar,Case=Acc|Numb=Plur
Montanus,montanvs,NOM2,Case=Nom|Numb=Sing
Cedamusensis,cedamvs,ADJqua,Case=Nom|Numb=Plur|Deg=Pos
.,qvadrantal,ADJcar,Case=Acc|Numb=Plur
Clemens,clemens,NOM3,Case=Nom|Numb=Sing
Thamagristensis,thamagrister,ADJqua,Case=Dat|Numb=Plur|Deg=Pos
.,qvadrantal,ADJcar,Case=Acc|Numb=Plur
Adeodatus,adeodatvs,NOM2,Case=Nom|Numb=Sing
Priuatensis.Rogatus,privatensis,NOM2,Case=Nom|Numb=Sing
Parteniensis,parteniensis,ADJqua,Case=Nom|Numb=Plur|Deg=Pos
.,qvadrantal,ADJcar,Case=Acc|Numb=Plur
Villaticus,villaticvs,NOM2,Case=Nom|Numb=Sing
Mozotensis,mozotenses,NOM3,Case=Nom|Numb=Sing
.,qvinqvaginta,ADJcar,Case=Acc|Numb=Plur
Honoratus,honoratvs,NOM2,Case=Nom|Numb=Sing
Tamascaniensis,tamascanienses,ADJqua,Case=Nom|Numb=Plur|Deg=Pos
prbt,pro,PRE,MORPH=empty
.,qvintvs,ADJcar,Case=Acc|Numb=Plur
Iustus,ivstvs,NOM2,Case=Nom|Numb=Sing
Acufidensis,acvfidenses,NOM3,Case=Nom|Numb=Plur|Deg=Pos
prbt,pro,PRE,MORPH=empty
.,qvintvs,ADJcar,Case=Acc|Numb=Plur
Emilius,emilivs,NOM2,Case=Nom|Numb=Sing
Asuoremixtensis,asvoremix,NOM3,Case=Nom|Numb=Sing
.,qvinqvaginta,ADJcar,Case=Gen|Numb=Plur
Vzulus,vzvlvs,NOM2,Case=Nom|Numb=Sing
Thuccensis,thvccenses,ADJqua,Case=Nom|Numb=Sing|Deg=Pos
.,qvadrantal,ADJcar,Case=Gen|Numb=Plur
Aufidius,avfidivs,NOM2,Case=Nom|Numb=Sing
Suristensis,svristenses,NOM3,Case=Dat|Numb=Plur
.,qvintvs,ADJcar,Case=Acc|Numb=Plur
Victorinus,victorinvs,NOM2,Case=Nom|Numb=Sing
Perdicensis,perdicensis,NOM3,Case=Acc|Numb=Plur
.,qvinqvaginta,ADJcar,Case=Acc|Numb=Plur
Possessor,possessor,NOM3,Case=Nom|Numb=Sing
Zabensis,zabenses,NOM3,Case=Gen|Numb=Sing
.,qvintvs,ADJcar,Case=Acc|Numb=Plur
Pascasius,pascasivs,NOM2,Case=Nom|Numb=Sing
Salditanus,salditanvs,NOM2,Case=Nom|Numb=Sing|Deg=Pos
.,qvadrantal,ADJcar,Case=Acc|Numb=Sing
Flauianus,flavianvs,NOM2,Case=Nom|Numb=Sing
Vamallensis,vamallensis,NOM3,Case=Nom|Numb=Sing
.,qvinqvaginta,ADJcar,Case=Acc|Numb=Plur
sunt,svm,VER,Numb=Plur|Mood=Ind|Tense=Pres|Voice=Act|Person=3
n.,nvmvs,NOM2,Case=Nom|Numb=Sing
XLIIII,qvatvor,ADJcar,Case=Ind
.,qvintvs,ADJcar,Case=Acc|Numb=Plur
Callippides,callippides,NOM7,Case=Nom|Numb=Sing
Lepti,leptis,NOM2,Case=Gen|Numb=Sing
Magnensis,magnenses,ADJqua,Case=Gen|Numb=Sing|Deg=Pos
.,qvadrantal,ADJcar,Case=Gen|Numb=Plur
Leo,leo,NOM2,Case=Nom|Numb=Sing
Sabratensis,sabratenses,NOM3,Case=Nom|Numb=Sing|Deg=Pos
.,qvinqvaginta,ADJcar,Case=Gen|Numb=Plur
Faustinus,favstinvs,NOM2,Case=Nom|Numb=Sing
Girbitanus,girbitanvs,NOM2,Case=Nom|Numb=Sing
.,qvadrantal,ADJcar,Case=Acc|Numb=Sing
Cresconius,cresconivs,NOM2,Case=Nom|Numb=Sing
Oeensis,oeensis,ADJqua,Case=Nom|Numb=Sing|Deg=Pos
.,qvadrantal,ADJcar,Case=Acc|Numb=Plur
Seruilius,servilivs,NOM2,Case=Nom|Numb=Sing
Tacapitanus,tacapitanvs,NOM2,Case=Nom|Numb=Sing|Deg=Pos
.,qvintvs,ADJcar,Case=Acc|Numb=Sing
sunt,svm,VER,Numb=Plur|Mood=Ind|Tense=Pres|Voice=Act|Person=3
n.,nvmvs,NOM2,Case=Nom|Numb=Sing
u.,vir,NOM2,Case=Nom|Numb=Sing
Lucifer,lvcifer,NOM2,Case=Nom|Numb=Sing
Calaritanus,calaritanvs,NOM2,Case=Nom|Numb=Sing
.,qvinqvaginta,ADJcar,Case=Acc|Numb=Plur
Martinianus,martinianvs,NOM2,Case=Nom|Numb=Sing
de,de,PRE,MORPH=empty
Foro,forvm,NOM2,Case=Abl|Numb=Sing
Traiani,traianvs,NOM2,Case=Gen|Numb=Plur|Deg=Pos
.,qvintvs,ADJcar,Case=Gen|Numb=Plur
Bonifatius,bonifativs,NOM2,Case=Nom|Numb=Sing
de,de,PRE,MORPH=empty
Sanafer,sanafer,NOM2,Case=Nom|Numb=Sing|Deg=Pos
.,qvintvs,ADJcar,Case=Acc|Numb=Plur
Macarius,macarivs,NOM2,Case=Nom|Numb=Sing
de,de,PRE,MORPH=empty
Minorica,minoricvs,ADJqua,Case=Abl|Numb=Sing|Deg=Pos
.,qvintvs,ADJcar,Case=Abl|Numb=Plur
Vitalis,vitalis,NOM3,Case=Nom|Numb=Sing
Sulcitanus,svlcitanvs,NOM2,Case=Nom|Numb=Sing
.,qvadrantal,ADJcar,Case=Acc|Numb=Sing
Felix,felix,NOM3,Case=Nom|Numb=Sing|Deg=Pos
de,de,PRE,MORPH=empty
Turribus,tvrris,NOM3,Case=Abl|Numb=Plur
.,qvintvs,ADJcar,Case=Acc|Numb=Plur
Helias,helia,NOM1,Case=Acc|Numb=Plur
de,de,PRE,MORPH=empty
Maiorica,maioricvs,ADJqua,Case=Abl|Numb=Sing|Deg=Pos
.,qvinqvaginta,ADJcar,Case=Abl|Numb=Plur
Opilio,opilivs,NOM2,Case=Dat|Numb=Sing
de,de,PRE,MORPH=empty
Ebuso,ebvsvs,NOM2,Case=Abl|Numb=Sing
.,qvintvs,ADJcar,Case=Acc|Numb=Plur
sunt,svm,VER,Numb=Plur|Mood=Ind|Tense=Pres|Voice=Act|Person=3
n.,nvmvs,NOM2,Case=Nom|Numb=Sing
VIII,octo,ADJcar,Case=Ind
.,qvintvs,ADJcar,Case=Acc|Numb=Plur
Ac,ac,NOM7,Case=Nom|Numb=Sing
sic,sic,ADV,Deg=Pos
fiunt,fio,VER,Numb=Plur|Mood=Ind|Tense=Pres|Voice=Act|Person=3
omnes,omnis,PROind,Case=Nom|Numb=Plur
episcopi,episcopis,NOM3,Case=Dat|Numb=Sing
diuersarum,diversvs,ADJqua,Case=Gen|Numb=Plur|Deg=Pos
prouinciarum,provincia,NOM1,Case=Gen|Numb=Plur
numero,nvmervs,NOM2,Case=Abl|Numb=Sing
CCCCLXVI,sex,ADJcar,Case=Ind
Ex,ex,ADJcar,Case=Nom|Numb=Sing
quibus,qvi,PROrel,Case=Abl|Numb=Plur
perierunt,pereo,VER,Numb=Plur|Mood=Ind|Tense=Perf|Voice=Act|Person=3
n.,nvmvs,NOM2,Case=Acc|Numb=Sing
LXXXVIII,septem,ADJcar,Case=Ind
.,qvintvs,ADJcar,Case=Acc|Numb=Plur
id,is,PROdem,Case=Nom|Numb=Sing
est,svm,VER,Numb=Sing|Mood=Ind|Tense=Pres|Voice=Act|Person=3
de,de,PRE,MORPH=empty
proconsular,proconsvlario,ADJqua,Case=Ind|Numb=Sing|Deg=Pos
.,qvintvs,ADJcar,Case=Gen|Numb=Sing
numr,nvm,ADJcar,MORPH=empty
m.,malendae,NOM2,Case=Nom|Numb=Sing
de,de,PRE,MORPH=empty
prouinc,provinc,ADV,Deg=Pos
Numidiae,nvmidia,NOM1,Case=Gen|Numb=Sing
numr,nvm,ADJcar,Case=Ind
XXXIII,triginta,ADJcar,Case=Ind
.,qvintvs,ADJcar,Case=Acc|Numb=Plur
de,de,PRE,MORPH=empty
prouinc,provinc,ADV,MORPH=empty
.,qvinvs,ADJcar,Case=Acc|Numb=Plur
Maurit,mavrio,VER,Numb=Sing|Mood=Ind|Tense=Pres|Person=3
.,qvintvs,ADJcar,Case=Acc|Numb=Sing
Caesar,caesar,NOM3,Case=Nom|Numb=Sing
numr,nvm,ADJcar,MORPH=empty
XXXII,triginta,ADJcar,Case=Ind
.,qvintvs,ADJcar,Case=Acc|Numb=Plur
permanserunt,permaneo,VER,Numb=Plur|Mood=Ind|Tense=Perf|Voice=Act|Person=3
numr,nvm,ADJcar,Case=Ind
CCCLXXVIII,triginta,ADJcar,Case=Ind
.,qvinqvaginta,ADJcar,Case=Acc|Numb=Plur
Corsica,corsica,ADJqua,Case=Acc|Numb=Plur|Deg=Pos
relegati,relego,VER,Numb=Plur|Mood=Par|Tense=Perf|Voice=Pass
numr,nvm,ADJcar,MORPH=empty
XLVI,sex,ADJcar,Case=Ind
.,qvintvs,ADJcar,Case=Acc|Numb=Plur
Hic,hic,NOM3,Case=Nom|Numb=Sing
relegati,relego,VER,Numb=Plur|Mood=Par|Tense=Perf|Voice=Pass
numr,nvm,ADJcar,Case=Ind
CCCII,tres,ADJcar,Case=Ind
.,qvintvs,ADJcar,Case=Acc|Numb=Plur
Fugerunt,fvgio,VER,Numb=Plur|Mood=Ind|Tense=Perf|Voice=Act|Person=3
numr,nvm,ADJcar,Case=Ind
XXVIII,triginta,ADJcar,Case=Ind
.,qvintvs,ADJcar,Case=Acc|Numb=Plur
Passus,passvs,NOM2,Case=Nom|Numb=Sing
numr,nvm,ADJcar,MORPH=empty
i.,iterivs,NOM2,Case=Nom|Numb=Sing
Confessor,confessor,NOM3,Case=Nom|Numb=Sing
num,nvm,ADVint,MORPH=empty
i,eo,VER,Numb=Sing|Mood=Imp|Tense=Pres|Voice=Act|Person=2
.,qvintvs,ADJcar,Case=Acc|Numb=Plur
